Workbook

Sheet Sheet1
B1: 桩号m | D1: 地面线 | E1: 地面 | F1: 比降 | G1: 渠底 | N1: 修正
B2: K0+000 | C2: 0 | D2: 1730.257 | E2: =ROUND(D2,2) -> 1730.26 | F2: ="1/"&ROUND(1/K2,0) -> 1/100 | G2: 1729.87 | H2: 1729.87 | I2: =G2-H2 -> 0 | J2: =E2-G2 -> 0.39 | K2: 0.01
B3: K0+010 | C3: 10 | D3: 1730.023 | E3: =ROUND(D3,2) -> 1730.02 | F3: ="1/"&ROUND(1/K3,0) -> 1/100 | G3: =E2-K2*(C3-C2) -> 1730.16 | H3: 1730.16 | I3: =G3-H3 -> 0 | J3: =E3-G3 -> -0.14 | K3: 0.01
B4: K0+013 | C4: 13 | D4: 1730 | E4: =ROUND(D4,2) -> 1730 | F4: ="1/"&ROUND(1/K4,0) -> 1/100 | G4: =E3-K3*(C4-C3) -> 1729.99 | H4: 1729.99 | I4: =G4-H4 -> 0 | J4: =E4-G4 -> 0.01 | K4: 0.01
B5: K0+020 | C5: 20 | D5: 1729.712 | E5: =ROUND(D5,2) -> 1729.71 | F5: ="1/"&ROUND(1/K5,0) -> 1/100 | G5: =E4-K4*(C5-C4) -> 1729.93 | H5: 1729.93 | I5: =G5-H5 -> 0 | J5: =E5-G5 -> -0.22 | K5: 0.01
A6: 接消力池 | B6: K0+030 | C6: 30 | D6: 1729.583 | E6: =ROUND(D6,2) -> 1729.58 | F6: ="1/"&ROUND(1/K6,0) -> 1/500 | G6: 1728 | H6: 1728 | I6: =G6-H6 -> 0 | J6: =E6-G6 -> 1.58 | K6: 0.002 | L6: 1728.08
B7: K0+040 | C7: 40 | D7: 1729.301 | E7: =ROUND(D7,2) -> 1729.3 | F7: ="1/"&ROUND(1/K7,0) -> 1/500 | G7: =ROUND(G6-(C7-C6)*K6,2) -> 1727.98 | H7: 1727.98 | I7: =G7-H7 -> 0 | J7: =E7-G7 -> 1.32 | K7: 0.002 | L7: 1728.06
B8: K0+050 | C8: 50 | D8: 1728.903 | E8: =ROUND(D8,2) -> 1728.9 | F8: ="1/"&ROUND(1/K8,0) -> 1/500 | G8: =ROUND(G7-(C8-C7)*K7,2) -> 1727.96 | H8: 1727.96 | I8: =G8-H8 -> 0 | J8: =E8-G8 -> 0.94 | K8: 0.002 | L8: 1728.04
B9: K0+100 | C9: 100 | D9: 1729.728 | E9: =ROUND(D9,2) -> 1729.73 | F9: ="1/"&ROUND(1/K9,0) -> 1/500 | G9: =ROUND(G8-(C9-C8)*K8,2) -> 1727.86 | H9: 1727.86 | I9: =G9-H9 -> 0 | J9: =E9-G9 -> 1.87 | K9: 0.002 | L9: 1727.94
B10: K0+150 | C10: 150 | D10: 1728.713 | E10: =ROUND(D10,2) -> 1728.71 | F10: ="1/"&ROUND(1/K10,0) -> 1/500 | G10: =ROUND(G9-(C10-C9)*K9,2) -> 1727.76 | H10: 1727.76 | I10: =G10-H10 -> 0 | J10: =E10-G10 -> 0.95 | K10: 0.002 | L10: 1727.84
B11: K0+200 | C11: 200 | D11: 1727.885 | E11: =ROUND(D11,2) -> 1727.89 | F11: ="1/"&ROUND(1/K11,0) -> 1/500 | G11: =ROUND(G10-(C11-C10)*K10,2) -> 1727.66 | H11: 1727.66 | I11: =G11-H11 -> 0 | J11: =E11-G11 -> 0.23 | K11: 0.002 | L11: 1727.74
A12: 跌水2.2 | B12: K0+210 | C12: 210 | D12: 1727.727 | E12: =ROUND(D12,2) -> 1727.73 | F12: ="1/"&ROUND(1/K12,0) -> 1/500 | G12: =ROUND(G11-(C12-C11)*K11,2) -> 1727.64 | H12: 1727.64 | I12: =G12-H12 -> 0 | J12: =E12-G12 -> 0.09 | K12: 0.002 | L12: 1727.72
C13: 213 | D13: 1727.727 | E13: =ROUND(D13,2) -> 1727.73 | G13: =G12-2.2 -> 1725.44 | H13: 1725.44 | I13: =G13-H13 -> 0 | J13: =E13-G13 -> 2.29 | K13: 0.002 | L13: 1725.81
C14: 250 | D14: =D12-0.014*(C14-C12) -> 1727.167 | E14: =ROUND(D14,2) -> 1727.17 | F14: ="1/"&ROUND(1/K14,0) -> 1/500 | G14: =ROUND(G13-(C14-C13+1)*K13,2) -> 1725.36 | H14: 1725.36 | I14: =G14-H14 -> 0 | J14: =E14-G14 -> 1.81 | K14: 0.002 | L14: 1725.73 | M14: =D12-D22 -> 3.697 | N14: =C22-C12 -> 254
C15: 300 | D15: =D13-0.014*(C15-C13) -> 1726.509 | E15: =ROUND(D15,2) -> 1726.51 | F15: ="1/"&ROUND(1/K15,0) -> 1/500 | G15: =ROUND(G14-(C15-C14)*K14,2) -> 1725.26 | H15: 1725.26 | I15: =G15-H15 -> 0 | J15: =E15-G15 -> 1.25 | K15: 0.002 | L15: 1725.56 | M15: =M14/N14 -> 0.014555118
C16: 350 | D16: =D14-0.014*(C16-C14) -> 1725.767 | E16: =ROUND(D16,2) -> 1725.77 | F16: ="1/"&ROUND(1/K16,0) -> 1/500 | G16: =ROUND(G15-(C16-C15)*K15,2) -> 1725.16 | H16: 1725.16 | I16: =G16-H16 -> 0 | J16: =E16-G16 -> 0.61 | K16: 0.002 | L16: 1725.36
C17: 400 | D17: =D15-0.014*(C17-C15) -> 1725.109 | E17: =ROUND(D17,2) -> 1725.11 | F17: ="1/"&ROUND(1/K17,0) -> 1/500 | G17: =ROUND(G16-(C17-C16)*K16,2) -> 1725.06 | H17: 1725.06 | I17: =G17-H17 -> 0 | J17: =E17-G17 -> 0.05 | K17: 0.002 | L17: 1725.16
A18: 跌水2.2 | C18: 420 | D18: =D16-0.014*(C18-C16) -> 1724.787 | E18: =ROUND(D18,2) -> 1724.79 | G18: =ROUND(G17-(C18-C17)*K17,2) -> 1725.02 | H18: 1725.02 | I18: =G18-H18 -> 0 | J18: =E18-G18 -> -0.23 | K18: 0.002 | L18: 1725.02
C19: 423 | D19: =D17-0.014*(C19-C17) -> 1724.787 | E19: =ROUND(D19,2) -> 1724.79 | G19: =G18-2.2 -> 1722.82 | H19: 1725.02 | I19: =G19-H19 -> -2.2 | J19: =E19-G19 -> 1.97 | K19: 0.002 | L19: 1722.81
C20: 430 | D20: =D16-0.014*(C20-C16) -> 1724.647 | E20: =ROUND(D20,2) -> 1724.65 | F20: ="1/"&ROUND(1/K20,0) -> 1/500 | G20: =ROUND(G19-(C20-C19-5)*K19,2) -> 1722.82 | H20: 1722.82 | I20: =G20-H20 -> 0 | J20: =E20-G20 -> 1.83 | K20: 0.002 | L20: 1722.8
B21: K0+460 | C21: 460 | D21: =D17-0.014*(C21-C17) -> 1724.269 | E21: =ROUND(D21,2) -> 1724.27 | F21: ="1/"&ROUND(1/K21,0) -> 1/500 | G21: =ROUND(G20-(C21-C20)*K20,2) -> 1722.76 | H21: 1722.76 | I21: =G21-H21 -> 0 | J21: =E21-G21 -> 1.51 | K21: 0.002 | L21: 1722.74
B22: K0+464 | C22: 464 | D22: 1724.03 | E22: =ROUND(D22,2) -> 1724.03 | F22: ="1/"&ROUND(1/K22,0) -> 1/500 | G22: =ROUND(G21-(C22-C21)*K21,2) -> 1722.75 | H22: 1722.75 | I22: =G22-H22 -> 0 | J22: =E22-G22 -> 1.28 | K22: 0.002 | L22: 1722.73
B23: K0+500 | C23: 500 | D23: 1723.459 | E23: =ROUND(D23,2) -> 1723.46 | F23: ="1/"&ROUND(1/K23,0) -> 1/500 | G23: =ROUND(G22-(C23-C22)*K22,2) -> 1722.68 | H23: 1722.68 | I23: =G23-H23 -> 0 | J23: =E23-G23 -> 0.78 | K23: 0.002 | L23: 1722.66
B24: K0+550 | C24: 550 | D24: 1722.885 | E24: =ROUND(D24,2) -> 1722.89 | F24: ="1/"&ROUND(1/K24,0) -> 1/500 | G24: =ROUND(G23-(C24-C23)*K23,2) -> 1722.58 | H24: 1722.58 | I24: =G24-H24 -> 0 | J24: =E24-G24 -> 0.31 | K24: 0.002 | L24: 1722.56
B25: K0+600 | C25: 600 | D25: 1722.379 | E25: =ROUND(D25,2) -> 1722.38 | F25: ="1/"&ROUND(1/K25,0) -> 1/500 | G25: =ROUND(G24-(C25-C24)*K24,2) -> 1722.48 | H25: 1722.48 | I25: =G25-H25 -> 0 | J25: =E25-G25 -> -0.1 | K25: 0.002 | L25: 1722.46
B26: K0+610 | C26: 610 | D26: 1722.623 | E26: =ROUND(D26,2) -> 1722.62 | F26: ="1/"&ROUND(1/K26,0) -> 1/500 | G26: =ROUND(G25-(C26-C25)*K25,2) -> 1722.46 | H26: 1722.46 | I26: =G26-H26 -> 0 | J26: =E26-G26 -> 0.16 | K26: 0.002 | L26: 1722.44 | M26: =E26-E31 -> 1.01 | N26: =C31-C26 -> 100
C27: 650 | E27: =E26-(C27-C26)*0.01 -> 1722.22 | G27: =ROUND(G26-(C27-C26)*K26,2) -> 1722.38 | H27: 1722.38 | I27: =G27-H27 -> 0 | J27: =E27-G27 -> -0.16 | K27: 0.002 | L27: 1722.36 | M27: =M26/N26 -> 0.0101
A28: 跌水2.2 | C28: 660 | E28: =E27-(C28-C27)*0.01 -> 1722.12 | G28: =ROUND(G27-(C28-C27)*K27,2) -> 1722.36 | H28: 1722.36 | I28: =G28-H28 -> 0 | J28: =E28-G28 -> -0.24 | K28: 0.002 | L28: 1722.34
C29: 663 | E29: =E28-(C29-C28)*0.01 -> 1722.09 | G29: =G28-2.2 -> 1720.16 | H29: 1720.16 | I29: =G29-H29 -> 0 | J29: =E29-G29 -> 1.93 | K29: 0.002
C30: 700 | E30: =E29-(C30-C29)*0.01 -> 1721.72 | G30: =ROUND(G29-(C30-C29+1)*K29,2) -> 1720.08 | H30: 1720.08 | I30: =G30-H30 -> 0 | J30: =E30-G30 -> 1.64 | K30: 0.002
B31: K0+710 | C31: 710 | D31: 1721.611 | E31: =ROUND(D31,2) -> 1721.61 | F31: ="1/"&ROUND(1/K31,0) -> 1/500 | G31: =ROUND(G30-(C31-C30)*K30,2) -> 1720.06 | H31: 1720.06 | I31: =G31-H31 -> 0 | J31: =E31-G31 -> 1.55 | K31: 0.002
B32: K0+750 | C32: 750 | D32: 1721.195 | E32: =ROUND(D32,2) -> 1721.2 | F32: ="1/"&ROUND(1/K32,0) -> 1/500 | G32: =ROUND(G31-(C32-C31)*K31,2) -> 1719.98 | H32: 1719.98 | I32: =G32-H32 -> 0 | J32: =E32-G32 -> 1.22 | K32: 0.002
B33: K0+800 | C33: 800 | D33: 1720.597 | E33: =ROUND(D33,2) -> 1720.6 | F33: ="1/"&ROUND(1/K33,0) -> 1/500 | G33: =ROUND(G32-(C33-C32)*K32,2) -> 1719.88 | H33: 1719.88 | I33: =G33-H33 -> 0 | J33: =E33-G33 -> 0.72 | K33: 0.002
B34: K0+850 | C34: 850 | D34: 1720 | E34: =ROUND(D34,2) -> 1720 | F34: ="1/"&ROUND(1/K34,0) -> 1/500 | G34: =ROUND(G33-(C34-C33)*K33,2) -> 1719.78 | H34: 1719.78 | I34: =G34-H34 -> 0 | J34: =E34-G34 -> 0.22 | K34: 0.002
A35: 跌水2.2 | B35: K0+880 | C35: 880 | D35: 1719.501 | E35: =ROUND(D35,2) -> 1719.5 | F35: ="1/"&ROUND(1/K35,0) -> 1/500 | G35: =ROUND(G34-(C35-C34)*K34,2) -> 1719.72 | H35: 1719.72 | I35: =G35-H35 -> 0 | J35: =E35-G35 -> -0.22 | K35: 0.002
C36: 882 | D36: 1719.501 | E36: 1719.49 | G36: =G35-2.2 -> 1717.52 | H36: 1717.52 | I36: =G36-H36 -> 0 | J36: =E36-G36 -> 1.97 | K36: 0.002
C37: 900 | E37: =E36-(C37-C36)*0.012 -> 1719.274 | G37: =ROUND(G36-(C37-C36)*K36,2) -> 1717.48 | H37: 1717.48 | I37: =G37-H37 -> 0 | J37: =E37-G37 -> 1.794 | K37: 0.002 | M37: =E36-E38 -> 0.7 | N37: =C38-C36 -> 58
B38: K0+940 | C38: 940 | D38: 1718.793 | E38: =ROUND(D38,2) -> 1718.79 | F38: ="1/"&ROUND(1/K38,0) -> 1/500 | G38: =ROUND(G37-(C38-C37)*K37,2) -> 1717.4 | H38: 1717.4 | I38: =G38-H38 -> 0 | J38: =E38-G38 -> 1.39 | K38: 0.002 | M38: =M37/N37 -> 0.012068966
B39: K0+950 | C39: 950 | D39: 1718.597 | E39: =ROUND(D39,2) -> 1718.6 | F39: ="1/"&ROUND(1/K39,0) -> 1/500 | G39: =ROUND(G38-(C39-C38)*K38,2) -> 1717.38 | H39: 1717.38 | I39: =G39-H39 -> 0 | J39: =E39-G39 -> 1.22 | K39: 0.002
B40: K1+000 | C40: 1000 | D40: 1717.904 | E40: =ROUND(D40,2) -> 1717.9 | F40: ="1/"&ROUND(1/K40,0) -> 1/500 | G40: =ROUND(G39-(C40-C39)*K39,2) -> 1717.28 | H40: 1717.28 | I40: =G40-H40 -> 0 | J40: =E40-G40 -> 0.62 | K40: 0.002
B41: K1+050 | C41: 1050 | D41: 1717.665 | E41: =ROUND(D41,2) -> 1717.67 | F41: ="1/"&ROUND(1/K41,0) -> 1/500 | G41: =ROUND(G40-(C41-C40)*K40,2) -> 1717.18 | H41: 1717.18 | I41: =G41-H41 -> 0 | J41: =E41-G41 -> 0.49 | K41: 0.002
B42: K1+100 | C42: 1100 | D42: 1717.632 | E42: =ROUND(D42,2) -> 1717.63 | F42: ="1/"&ROUND(1/K42,0) -> 1/500 | G42: =ROUND(G41-(C42-C41)*K41,2) -> 1717.08 | H42: 1717.08 | I42: =G42-H42 -> 0 | J42: =E42-G42 -> 0.55 | K42: 0.002
B43: K1+150 | C43: 1150 | D43: 1716.994 | E43: =ROUND(D43,2) -> 1716.99 | F43: ="1/"&ROUND(1/K43,0) -> 1/500 | G43: =ROUND(G42-(C43-C42)*K42,2) -> 1716.98 | H43: 1716.98 | I43: =G43-H43 -> 0 | J43: =E43-G43 -> 0.01 | K43: 0.002 | M43: =D43-D46 -> 0.894 | N43: =C46-C43 -> 50
A44: 跌水2.2 | C44: 1170 | E44: =E43-(C44-C43)*0.018 -> 1716.63 | G44: =ROUND(G43-(C44-C43)*K43,2) -> 1716.94 | H44: 1716.94 | I44: =G44-H44 -> 0 | J44: =E44-G44 -> -0.31 | K44: 0.002 | M44: =M43/N43 -> 0.01788
C45: 1173 | E45: =E44-(C45-C44)*0.018 -> 1716.576 | G45: =G44-2.2 -> 1714.74 | H45: 1714.74 | I45: =G45-H45 -> 0 | J45: =E45-G45 -> 1.836 | K45: 0.002
C46: 1200 | D46: 1716.1 | E46: =ROUND(D46,2) -> 1716.1 | G46: =ROUND(G45-(C46-C45+1)*K45,2) -> 1714.68 | H46: 1714.68 | I46: =G46-H46 -> 0 | J46: =E46-G46 -> 1.42 | K46: 0.002
B47: K1+250 | C47: 1250 | D47: 1715.226 | E47: =ROUND(D47,2) -> 1715.23 | F47: ="1/"&ROUND(1/K47,0) -> 1/500 | G47: =ROUND(G46-(C47-C46)*K46,2) -> 1714.58 | H47: 1714.58 | I47: =G47-H47 -> 0 | J47: =E47-G47 -> 0.65 | K47: 0.002
B48: K1+260 | C48: 1260 | D48: 1715.146 | E48: =ROUND(D48,2) -> 1715.15 | F48: ="1/"&ROUND(1/K48,0) -> 1/500 | G48: =ROUND(G47-(C48-C47)*K47,2) -> 1714.56 | H48: 1714.56 | I48: =G48-H48 -> 0 | J48: =E48-G48 -> 0.59 | K48: 0.002 | M48: =E48-#REF! -> #REF! | N48: =#REF!-C48 -> #REF!
C49: 1300 | E49: =E48-(C49-C48)*0.011 -> 1714.71 | G49: =ROUND(G48-(C49-C48)*K48,2) -> 1714.48 | H49: 1714.48 | I49: =G49-H49 -> 0 | J49: =E49-G49 -> 0.23 | K49: 0.002 | M49: =M48/N48 -> #REF!
C50: 1350 | E50: =E49-(C50-C49)*0.011 -> 1714.16 | G50: =ROUND(G49-(C50-C49)*K49,2) -> 1714.38 | H50: 1714.38 | I50: =G50-H50 -> 0 | J50: =E50-G50 -> -0.22 | K50: 0.002
A51: 跌水2.2 | C51: 1360 | E51: =E50-(C51-C50)*0.011 -> 1714.05 | G51: =ROUND(G50-(C51-C50)*K50,2) -> 1714.36 | H51: 1714.36 | I51: =G51-H51 -> 0 | J51: =E51-G51 -> -0.31 | K51: 0.002
C52: 1363 | D52: =D51-(B52-B51)*0.011 -> 0 | E52: 1714 | G52: =G51-2.2 -> 1712.16 | H52: 1712.16 | I52: =G52-H52 -> 0 | J52: =E52-G52 -> 1.84 | K52: 0.002
C53: 1400 | E53: =E50-(C53-C50)*0.011 -> 1713.61 | G53: =ROUND(G52-(C53-C52+1)*K52,2) -> 1712.08 | H53: 1712.08 | I53: =G53-H53 -> 0 | J53: =E53-G53 -> 1.53 | K53: 0.002
B54: K1+450 | C54: 1450 | D54: 1712.885 | E54: =ROUND(D54,2) -> 1712.89 | F54: ="1/"&ROUND(1/K54,0) -> 1/500 | G54: =ROUND(G53-(C54-C53)*K53,2) -> 1711.98 | H54: 1711.98 | I54: =G54-H54 -> 0 | J54: =E54-G54 -> 0.91 | K54: 0.002
B55: K1+500 | C55: 1500 | D55: 1712.329 | E55: =ROUND(D55,2) -> 1712.33 | F55: ="1/"&ROUND(1/K55,0) -> 1/500 | G55: =ROUND(G54-(C55-C54)*K54,2) -> 1711.88 | H55: 1711.88 | I55: =G55-H55 -> 0 | J55: =E55-G55 -> 0.45 | K55: 0.002
B56: K1+510 | C56: 1510 | D56: 1712.289 | E56: =ROUND(D56,2) -> 1712.29 | F56: ="1/"&ROUND(1/K56,0) -> 1/500 | G56: =ROUND(G55-(C56-C55)*K55,2) -> 1711.86 | H56: 1711.86 | I56: =G56-H56 -> 0 | J56: =E56-G56 -> 0.43 | K56: 0.002
B57: K1+600 | C57: 1600 | D57: 1712.136 | E57: =ROUND(D57,2) -> 1712.14 | F57: ="1/"&ROUND(1/K57,0) -> 1/500 | G57: =ROUND(G56-(C57-C56)*K56,2) -> 1711.68 | H57: 1711.68 | I57: =G57-H57 -> 0 | J57: =E57-G57 -> 0.46 | K57: 0.002
B58: K1+620 | C58: 1620 | D58: 1711.618 | E58: =ROUND(D58,2) -> 1711.62 | F58: ="1/"&ROUND(1/K58,0) -> 1/500 | G58: =ROUND(G57-(C58-C57)*K57,2) -> 1711.64 | H58: 1711.64 | I58: =G58-H58 -> 0 | J58: =E58-G58 -> -0.02 | K58: 0.002
A59: 跌水2.2 | B59: K1+630 | C59: 1630 | D59: 1711.278 | E59: =ROUND(D59,2) -> 1711.28 | F59: ="1/"&ROUND(1/K59,0) -> 1/500 | G59: =ROUND(G58-(C59-C58)*K58,2) -> 1711.62 | H59: 1711.62 | I59: =G59-H59 -> 0 | J59: =E59-G59 -> -0.34 | K59: 0.002
C60: 1633 | D60: 1711.278 | E60: =ROUND(D60,2) -> 1711.28 | F60: ="1/"&ROUND(1/K60,0) -> 1/500 | G60: =G59-2.2 -> 1709.42 | H60: 1709.42 | I60: =G60-H60 -> 0 | J60: =E60-G60 -> 1.86 | K60: 0.002
B61: K1+650 | C61: 1650 | D61: 1710.693 | E61: =ROUND(D61,2) -> 1710.69 | F61: ="1/"&ROUND(1/K61,0) -> 1/500 | G61: =ROUND(G60-(C61-C60+1)*K60,2) -> 1709.38 | H61: 1709.38 | I61: =G61-H61 -> 0 | J61: =E61-G61 -> 1.31 | K61: 0.002
B62: K1+700 | C62: 1700 | D62: 1710.011 | E62: =ROUND(D62,2) -> 1710.01 | F62: ="1/"&ROUND(1/K62,0) -> 1/500 | G62: =ROUND(G61-(C62-C61)*K61,2) -> 1709.28 | H62: 1709.28 | I62: =G62-H62 -> 0 | J62: =E62-G62 -> 0.73 | K62: 0.002
B63: K1+800 | C63: 1800 | D63: 1709.217 | E63: =ROUND(D63,2) -> 1709.22 | F63: ="1/"&ROUND(1/K63,0) -> 1/500 | G63: =ROUND(G62-(C63-C62)*K62,2) -> 1709.08 | H63: 1709.08 | I63: =G63-H63 -> 0 | J63: =E63-G63 -> 0.14 | K63: 0.002
A64: 跌水2.2 | B64: K1+850 | C64: 1850 | D64: 1708.663 | E64: =ROUND(D64,2) -> 1708.66 | F64: ="1/"&ROUND(1/K64,0) -> 1/500 | G64: =ROUND(G63-(C64-C63)*K63,2) -> 1708.98 | H64: 1708.98 | I64: =G64-H64 -> 0 | J64: =E64-G64 -> -0.32 | K64: 0.002
C65: 1853 | D65: 1708.663 | E65: =ROUND(D65,2) -> 1708.66 | F65: ="1/"&ROUND(1/K65,0) -> 1/500 | G65: =G64-2.2 -> 1706.78 | H65: 1706.78 | I65: =G65-H65 -> 0 | J65: =E65-G65 -> 1.88 | K65: 0.002
B66: K1+900 | C66: 1900 | D66: 1708.093 | E66: =ROUND(D66,2) -> 1708.09 | F66: ="1/"&ROUND(1/K66,0) -> 1/500 | G66: =ROUND(G65-(C66-C65+1)*K65,2) -> 1706.68 | H66: 1706.68 | I66: =G66-H66 -> 0 | J66: =E66-G66 -> 1.41 | K66: 0.002
B67: K1+950 | C67: 1950 | D67: 1708.214 | E67: =ROUND(D67,2) -> 1708.21 | F67: ="1/"&ROUND(1/K67,0) -> 1/500 | G67: =ROUND(G66-(C67-C66)*K66,2) -> 1706.58 | H67: 1706.58 | I67: =G67-H67 -> 0 | J67: =E67-G67 -> 1.63 | K67: 0.002
B68: K2+000 | C68: 2000 | D68: 1707.909 | E68: =ROUND(D68,2) -> 1707.91 | F68: ="1/"&ROUND(1/K68,0) -> 1/500 | G68: =ROUND(G67-(C68-C67)*K67,2) -> 1706.48 | H68: 1706.48 | I68: =G68-H68 -> 0 | J68: =E68-G68 -> 1.43 | K68: 0.002
B69: K2+050 | C69: 2050 | D69: 1707.084 | E69: =ROUND(D69,2) -> 1707.08 | F69: ="1/"&ROUND(1/K69,0) -> 1/500 | G69: =ROUND(G68-(C69-C68)*K68,2) -> 1706.38 | H69: 1706.38 | I69: =G69-H69 -> 0 | J69: =E69-G69 -> 0.7 | K69: 0.002
B70: K2+100 | C70: 2100 | D70: 1706.343 | E70: =ROUND(D70,2) -> 1706.34 | F70: ="1/"&ROUND(1/K70,0) -> 1/500 | G70: =ROUND(G69-(C70-C69)*K69,2) -> 1706.28 | H70: 1706.28 | I70: =G70-H70 -> 0 | J70: =E70-G70 -> 0.06 | K70: 0.002
A71: 跌水2.2 | B71: K2+120 | C71: 2120 | D71: 1705.949 | E71: =ROUND(D71,2) -> 1705.95 | F71: ="1/"&ROUND(1/K71,0) -> 1/500 | G71: =ROUND(G70-(C71-C70)*K70,2) -> 1706.24 | H71: 1706.24 | I71: =G71-H71 -> 0 | J71: =E71-G71 -> -0.29 | K71: 0.002
C72: 2123 | D72: 1705.949 | E72: =ROUND(D72,2) -> 1705.95 | F72: ="1/"&ROUND(1/K72,0) -> 1/500 | G72: =G71-2.2 -> 1704.04 | H72: 1704.04 | I72: =G72-H72 -> 0 | J72: =E72-G72 -> 1.91 | K72: 0.002
B73: K2+150 | C73: 2150 | D73: 1705.464 | E73: =ROUND(D73,2) -> 1705.46 | F73: ="1/"&ROUND(1/K73,0) -> 1/500 | G73: =ROUND(G72-(C73-C72+1)*K72,2) -> 1703.98 | H73: 1703.98 | I73: =G73-H73 -> 0 | J73: =E73-G73 -> 1.48 | K73: 0.002
B74: K2+200 | C74: 2200 | D74: 1704.871 | E74: =ROUND(D74,2) -> 1704.87 | F74: ="1/"&ROUND(1/K74,0) -> 1/500 | G74: =ROUND(G73-(C74-C73)*K73,2) -> 1703.88 | H74: 1703.88 | I74: =G74-H74 -> 0 | J74: =E74-G74 -> 0.99 | K74: 0.002
B75: K2+250 | C75: 2250 | D75: 1704.169 | E75: =ROUND(D75,2) -> 1704.17 | F75: ="1/"&ROUND(1/K75,0) -> 1/500 | G75: =ROUND(G74-(C75-C74)*K74,2) -> 1703.78 | H75: 1703.78 | I75: =G75-H75 -> 0 | J75: =E75-G75 -> 0.39 | K75: 0.002
B76: K2+300 | C76: 2300 | D76: 1703.497 | E76: =ROUND(D76,2) -> 1703.5 | F76: ="1/"&ROUND(1/K76,0) -> 1/500 | G76: =ROUND(G75-(C76-C75)*K75,2) -> 1703.68 | H76: 1703.68 | I76: =G76-H76 -> 0 | J76: =E76-G76 -> -0.18 | K76: 0.002
B77: K2+310 | C77: 2310 | D77: 1703.645 | E77: =ROUND(D77,2) -> 1703.65 | F77: ="1/"&ROUND(1/K77,0) -> 1/500 | G77: =ROUND(G76-(C77-C76)*K76,2) -> 1703.66 | H77: 1703.66 | I77: =G77-H77 -> 0 | J77: =E77-G77 -> -0.01 | K77: 0.002
B78: K2+320 | C78: 2320 | D78: 1703.524 | E78: =ROUND(D78,2) -> 1703.52 | F78: ="1/"&ROUND(1/K78,0) -> 1/500 | G78: =ROUND(G77-(C78-C77)*K77,2) -> 1703.64 | H78: 1703.64 | I78: =G78-H78 -> 0 | J78: =E78-G78 -> -0.12 | K78: 0.002
B79: K2+330 | C79: 2330 | D79: 1703.394 | E79: =ROUND(D79,2) -> 1703.39 | F79: ="1/"&ROUND(1/K79,0) -> 1/500 | G79: =ROUND(G78-(C79-C78)*K78,2) -> 1703.62 | H79: 1703.62 | I79: =G79-H79 -> 0 | J79: =E79-G79 -> -0.23 | K79: 0.002
A80: 跌水2.2 | B80: K2+340 | C80: 2340 | D80: 1703.252 | E80: =ROUND(D80,2) -> 1703.25 | F80: ="1/"&ROUND(1/K80,0) -> 1/500 | G80: =ROUND(G79-(C80-C79)*K79,2) -> 1703.6 | H80: 1703.6 | I80: =G80-H80 -> 0 | J80: =E80-G80 -> -0.35 | K80: 0.002
C81: 2343 | D81: 1703.252 | E81: =ROUND(D81,2) -> 1703.25 | F81: ="1/"&ROUND(1/K81,0) -> 1/500 | G81: =G80-2.2 -> 1701.4 | H81: 1701.4 | I81: =G81-H81 -> 0 | J81: =E81-G81 -> 1.85 | K81: 0.002
B82: K2+350 | C82: 2350 | D82: 1703.143 | E82: =ROUND(D82,2) -> 1703.14 | F82: ="1/"&ROUND(1/K82,0) -> 1/500 | G82: =ROUND(G81-(C82-C81+1)*K81,2) -> 1701.38 | H82: 1701.38 | I82: =G82-H82 -> 0 | J82: =E82-G82 -> 1.76 | K82: 0.002
B83: K2+400 | C83: 2400 | D83: 1702.413 | E83: =ROUND(D83,2) -> 1702.41 | F83: ="1/"&ROUND(1/K83,0) -> 1/500 | G83: =ROUND(G82-(C83-C82)*K82,2) -> 1701.28 | H83: 1701.28 | I83: =G83-H83 -> 0 | J83: =E83-G83 -> 1.13 | K83: 0.002
B84: K2+450 | C84: 2450 | D84: 1701.729 | E84: =ROUND(D84,2) -> 1701.73 | F84: ="1/"&ROUND(1/K84,0) -> 1/500 | G84: =ROUND(G83-(C84-C83)*K83,2) -> 1701.18 | H84: 1701.18 | I84: =G84-H84 -> 0 | J84: =E84-G84 -> 0.55 | K84: 0.002
B85: K2+500 | C85: 2500 | D85: 1701.316 | E85: =ROUND(D85,2) -> 1701.32 | F85: ="1/"&ROUND(1/K85,0) -> 1/500 | G85: =ROUND(G84-(C85-C84)*K84,2) -> 1701.08 | H85: 1701.08 | I85: =G85-H85 -> 0 | J85: =E85-G85 -> 0.24 | K85: 0.002
B86: K2+550 | C86: 2550 | D86: 1700.852 | E86: =ROUND(D86,2) -> 1700.85 | F86: ="1/"&ROUND(1/K86,0) -> 1/500 | G86: =ROUND(G85-(C86-C85)*K85,2) -> 1700.98 | H86: 1700.98 | I86: =G86-H86 -> 0 | J86: =E86-G86 -> -0.13 | K86: 0.002
A87: 跌水2.2 | B87: K2+560 | C87: 2560 | D87: 1700.652 | E87: =ROUND(D87,2) -> 1700.65 | F87: ="1/"&ROUND(1/K87,0) -> 1/500 | G87: =ROUND(G86-(C87-C86)*K86,2) -> 1700.96 | H87: 1700.96 | I87: =G87-H87 -> 0 | J87: =E87-G87 -> -0.31 | K87: 0.002
C88: 2563 | D88: 1700.652 | E88: =ROUND(D88,2) -> 1700.65 | G88: =G87-2.2 -> 1698.76 | H88: 1698.76 | I88: =G88-H88 -> 0 | J88: =E88-G88 -> 1.89 | K88: 0.002
B89: K2+600 | C89: 2600 | D89: 1700.367 | E89: =ROUND(D89,2) -> 1700.37 | F89: ="1/"&ROUND(1/K89,0) -> 1/500 | G89: =ROUND(G88-(C89-C88+1)*K88,2) -> 1698.68 | H89: 1698.68 | I89: =G89-H89 -> 0 | J89: =E89-G89 -> 1.69 | K89: 0.002
B90: K2+650 | C90: 2650 | D90: 1700.012 | E90: =ROUND(D90,2) -> 1700.01 | F90: ="1/"&ROUND(1/K90,0) -> 1/500 | G90: =ROUND(G89-(C90-C89)*K89,2) -> 1698.58 | H90: 1698.58 | I90: =G90-H90 -> 0 | J90: =E90-G90 -> 1.43 | K90: 0.002
B91: K2+700 | C91: 2700 | D91: 1699.796 | E91: =ROUND(D91,2) -> 1699.8 | F91: ="1/"&ROUND(1/K91,0) -> 1/500 | G91: =ROUND(G90-(C91-C90)*K90,2) -> 1698.48 | H91: 1698.48 | I91: =G91-H91 -> 0 | J91: =E91-G91 -> 1.32 | K91: 0.002
B92: K2+750 | C92: 2750 | D92: 1699.182 | E92: =ROUND(D92,2) -> 1699.18 | F92: ="1/"&ROUND(1/K92,0) -> 1/500 | G92: =ROUND(G91-(C92-C91)*K91,2) -> 1698.38 | H92: 1698.38 | I92: =G92-H92 -> 0 | J92: =E92-G92 -> 0.8 | K92: 0.002
B93: K2+800 | C93: 2800 | D93: 1698.735 | E93: =ROUND(D93,2) -> 1698.74 | F93: ="1/"&ROUND(1/K93,0) -> 1/500 | G93: =ROUND(G92-(C93-C92)*K92,2) -> 1698.28 | H93: 1698.28 | I93: =G93-H93 -> 0 | J93: =E93-G93 -> 0.46 | K93: 0.002
B94: K2+810 | C94: 2810 | D94: 1698.236 | E94: =ROUND(D94,2) -> 1698.24 | F94: ="1/"&ROUND(1/K94,0) -> 1/500 | G94: =ROUND(G93-(C94-C93)*K93,2) -> 1698.26 | H94: 1698.26 | I94: =G94-H94 -> 0 | J94: =E94-G94 -> -0.02 | K94: 0.002
B95: K2+817 | C95: 2817 | D95: 1698 | E95: =ROUND(D95,2) -> 1698 | F95: ="1/"&ROUND(1/K95,0) -> 1/500 | G95: =ROUND(G94-(C95-C94)*K94,2) -> 1698.25 | H95: 1698.25 | I95: =G95-H95 -> 0 | J95: =E95-G95 -> -0.25 | K95: 0.002
A96: 跌水2.2 | B96: K2+820 | C96: 2820 | D96: 1697.916 | E96: =ROUND(D96,2) -> 1697.92 | F96: ="1/"&ROUND(1/K96,0) -> 1/500 | G96: =ROUND(G95-(C96-C95)*K95,2) -> 1698.24 | H96: 1698.24 | I96: =G96-H96 -> 0 | J96: =E96-G96 -> -0.32 | K96: 0.002
C97: 2823 | D97: 1697.916 | E97: =ROUND(D97,2) -> 1697.92 | G97: =G96-2.2 -> 1696.04 | H97: 1696.04 | I97: =G97-H97 -> 0 | J97: =E97-G97 -> 1.88 | K97: 0.002
B98: K2+850 | C98: 2850 | D98: 1697.583 | E98: =ROUND(D98,2) -> 1697.58 | F98: ="1/"&ROUND(1/K98,0) -> 1/500 | G98: =ROUND(G97-(C98-C97+1)*K97,2) -> 1695.98 | H98: 1695.98 | I98: =G98-H98 -> 0 | J98: =E98-G98 -> 1.6 | K98: 0.002
B99: K2+900 | C99: 2900 | D99: 1697.218 | E99: =ROUND(D99,2) -> 1697.22 | F99: ="1/"&ROUND(1/K99,0) -> 1/500 | G99: =ROUND(G98-(C99-C98)*K98,2) -> 1695.88 | H99: 1695.88 | I99: =G99-H99 -> 0 | J99: =E99-G99 -> 1.34 | K99: 0.002
B100: K2+950 | C100: 2950 | D100: 1696.854 | E100: =ROUND(D100,2) -> 1696.85 | F100: ="1/"&ROUND(1/K100,0) -> 1/500 | G100: =ROUND(G99-(C100-C99)*K99,2) -> 1695.78 | H100: 1695.78 | I100: =G100-H100 -> 0 | J100: =E100-G100 -> 1.07 | K100: 0.002
...

Sheet Sheet2
B1: 桩号m | D1: 地面线 | E1: 地面 | F1: 比降 | G1: 渠底
B2: K0+000 | C2: 0 | D2: 1730.257 | E2: =ROUND(D2,2) -> 1730.26 | F2: ="1/"&ROUND(1/K2,0) -> 1/100 | G2: 1729.87 | H2: 1729.87 | I2: =G2-H2 -> 0 | J2: =E2-G2 -> 0.39 | K2: 0.01
B3: K0+010 | C3: 10 | D3: 1730.023 | E3: =ROUND(D3,2) -> 1730.02 | F3: ="1/"&ROUND(1/K3,0) -> 1/100 | G3: =E2-K2*(C3-C2) -> 1730.16 | H3: 1730.16 | I3: =G3-H3 -> 0 | J3: =E3-G3 -> -0.14 | K3: 0.01
B4: K0+013 | C4: 13 | D4: 1730 | E4: =ROUND(D4,2) -> 1730 | F4: ="1/"&ROUND(1/K4,0) -> 1/100 | G4: =E3-K3*(C4-C3) -> 1729.99 | H4: 1729.99 | I4: =G4-H4 -> 0 | J4: =E4-G4 -> 0.01 | K4: 0.01
B5: K0+020 | C5: 20 | D5: 1729.712 | E5: =ROUND(D5,2) -> 1729.71 | F5: ="1/"&ROUND(1/K5,0) -> 1/100 | G5: =E4-K4*(C5-C4) -> 1729.93 | H5: 1729.93 | I5: =G5-H5 -> 0 | J5: =E5-G5 -> -0.22 | K5: 0.01
B6: K0+030 | C6: 30 | D6: 1729.583 | E6: =ROUND(D6,2) -> 1729.58 | F6: ="1/"&ROUND(1/K6,0) -> 1/100 | G6: 1728 | H6: 1728 | I6: =G6-H6 -> 0 | J6: =E6-G6 -> 1.58 | K6: 0.01 | L6: 1728.08
B7: K0+040 | C7: 40 | D7: 1729.301 | E7: =ROUND(D7,2) -> 1729.3 | F7: ="1/"&ROUND(1/K7,0) -> 1/100 | G7: =ROUND(G6-(C7-C6)*K6,2) -> 1727.9 | H7: 1727.98 | I7: =G7-H7 -> -0.08 | J7: =E7-G7 -> 1.4 | K7: 0.01 | L7: 1728.06
B8: K0+050 | C8: 50 | D8: 1728.903 | E8: =ROUND(D8,2) -> 1728.9 | F8: ="1/"&ROUND(1/K8,0) -> 1/100 | G8: =ROUND(G7-(C8-C7)*K7,2) -> 1727.8 | H8: 1727.96 | I8: =G8-H8 -> -0.16 | J8: =E8-G8 -> 1.1 | K8: 0.01 | L8: 1728.04
B9: K0+100 | C9: 100 | D9: 1729.728 | E9: =ROUND(D9,2) -> 1729.73 | F9: ="1/"&ROUND(1/K9,0) -> 1/100 | G9: =ROUND(G8-(C9-C8)*K8,2) -> 1727.3 | H9: 1727.86 | I9: =G9-H9 -> -0.56 | J9: =E9-G9 -> 2.43 | K9: 0.01 | L9: 1727.94
B10: K0+150 | C10: 150 | D10: 1728.713 | E10: =ROUND(D10,2) -> 1728.71 | F10: ="1/"&ROUND(1/K10,0) -> 1/100 | G10: =ROUND(G9-(C10-C9)*K9,2) -> 1726.8 | H10: 1727.76 | I10: =G10-H10 -> -0.96 | J10: =E10-G10 -> 1.91 | K10: 0.01 | L10: 1727.84
B11: K0+200 | C11: 200 | D11: 1727.885 | E11: =ROUND(D11,2) -> 1727.89 | F11: ="1/"&ROUND(1/K11,0) -> 1/100 | G11: =ROUND(G10-(C11-C10)*K10,2) -> 1726.3 | H11: 1727.66 | I11: =G11-H11 -> -1.36 | J11: =E11-G11 -> 1.59 | K11: 0.01 | L11: 1727.74
B12: K0+210 | C12: 210 | D12: 1727.727 | E12: =ROUND(D12,2) -> 1727.73 | F12: ="1/"&ROUND(1/K12,0) -> 1/100 | G12: =ROUND(G11-(C12-C11)*K11,2) -> 1726.2 | H12: 1727.64 | I12: =G12-H12 -> -1.44 | J12: =E12-G12 -> 1.53 | K12: 0.01 | L12: 1727.72
C13: 250 | D13: =D11-0.014*(C13-C11) -> 1727.185 | E13: =ROUND(D13,2) -> 1727.19 | F13: ="1/"&ROUND(1/K13,0) -> 1/100 | G13: =ROUND(G11-(C13-C11)*K11,2) -> 1725.8 | H13: 1727.56 | I13: =G13-H13 -> -1.76 | J13: =E13-G13 -> 1.39 | K13: 0.01 | L13: 1725.73 | M13: =D11-D22 -> 4.426
C14: 300 | D14: =D11-0.014*(C14-C11) -> 1726.485 | E14: =ROUND(D14,2) -> 1726.49 | F14: ="1/"&ROUND(1/K14,0) -> 1/100 | G14: =ROUND(G13-(C14-C13)*K13,2) -> 1725.3 | H14: 1727.46 | I14: =G14-H14 -> -2.16 | J14: =E14-G14 -> 1.19 | K14: 0.01 | L14: 1725.56
C15: 350 | D15: =D13-0.014*(C15-C13) -> 1725.785 | E15: =ROUND(D15,2) -> 1725.79 | F15: ="1/"&ROUND(1/K15,0) -> 1/100 | G15: =ROUND(G14-(C15-C14)*K14,2) -> 1724.8 | H15: 1727.36 | I15: =G15-H15 -> -2.56 | J15: =E15-G15 -> 0.99 | K15: 0.01 | L15: 1725.36
C16: 400 | D16: =D14-0.014*(C16-C14) -> 1725.085 | E16: =ROUND(D16,2) -> 1725.09 | F16: ="1/"&ROUND(1/K16,0) -> 1/100 | G16: =ROUND(G15-(C16-C15)*K15,2) -> 1724.3 | H16: 1727.26 | I16: =G16-H16 -> -2.96 | J16: =E16-G16 -> 0.79 | K16: 0.01 | L16: 1725.16
C17: 420 | D17: =D15-0.014*(C17-C15) -> 1724.805 | E17: =ROUND(D17,2) -> 1724.81 | G17: =ROUND(G16-(C17-C16)*K16,2) -> 1724.1 | H17: 1727.22 | I17: =G17-H17 -> -3.12 | J17: =E17-G17 -> 0.71 | K17: 0.01 | L17: 1725.02
C18: 423 | D18: =D16-0.014*(C18-C16) -> 1724.763 | E18: =ROUND(D18,2) -> 1724.76 | G18: =G17-2.2 -> 1721.9 | H18: 1725.02 | I18: =G18-H18 -> -3.12 | J18: =E18-G18 -> 2.86 | K18: 0.01 | L18: 1722.81
C19: 430 | D19: =D15-0.014*(C19-C15) -> 1724.665 | E19: =ROUND(D19,2) -> 1724.67 | F19: ="1/"&ROUND(1/K19,0) -> 1/100 | G19: =ROUND(G18-(C19-C18-5)*K18,2) -> 1721.88 | H19: 1725.02 | I19: =G19-H19 -> -3.14 | J19: =E19-G19 -> 2.79 | K19: 0.01 | L19: 1722.8
B20: K0+460 | C20: 460 | D20: =D16-0.014*(C20-C16) -> 1724.245 | E20: =ROUND(D20,2) -> 1724.25 | F20: ="1/"&ROUND(1/K20,0) -> 1/100 | G20: =ROUND(G19-(C20-C19)*K19,2) -> 1721.58 | H20: 1724.96 | I20: =G20-H20 -> -3.38 | J20: =E20-G20 -> 2.67 | K20: 0.01 | L20: 1722.74
B21: K0+464 | C21: 464 | D21: 1724.03 | E21: =ROUND(D21,2) -> 1724.03 | F21: ="1/"&ROUND(1/K21,0) -> 1/100 | G21: =ROUND(G20-(C21-C20)*K20,2) -> 1721.54 | H21: 1724.95 | I21: =G21-H21 -> -3.41 | J21: =E21-G21 -> 2.49 | K21: 0.01 | L21: 1722.73
B22: K0+500 | C22: 500 | D22: 1723.459 | E22: =ROUND(D22,2) -> 1723.46 | F22: ="1/"&ROUND(1/K22,0) -> 1/100 | G22: =ROUND(G21-(C22-C21)*K21,2) -> 1721.18 | H22: 1724.88 | I22: =G22-H22 -> -3.7 | J22: =E22-G22 -> 2.28 | K22: 0.01 | L22: 1722.66
B23: K0+550 | C23: 550 | D23: 1722.885 | E23: =ROUND(D23,2) -> 1722.89 | F23: ="1/"&ROUND(1/K23,0) -> 1/100 | G23: =ROUND(G22-(C23-C22)*K22,2) -> 1720.68 | H23: 1724.78 | I23: =G23-H23 -> -4.1 | J23: =E23-G23 -> 2.21 | K23: 0.01 | L23: 1722.56
B24: K0+600 | C24: 600 | D24: 1722.379 | E24: =ROUND(D24,2) -> 1722.38 | F24: ="1/"&ROUND(1/K24,0) -> 1/100 | G24: =ROUND(G23-(C24-C23)*K23,2) -> 1720.18 | H24: 1724.68 | I24: =G24-H24 -> -4.5 | J24: =E24-G24 -> 2.2 | K24: 0.01 | L24: 1722.46

Sheet 建筑物统计
A1: 渠道 | B1: 长度（km） | C1: 干渠引水闸 | D1: 分水闸 | E1: 箱涵 | F1: 跌水 | G1: 农桥 | H1: 斗口
A2: 干渠 | B2: =干渠!C405 -> 13283 | C2: 1 | D2: 12 | E2: 4 | F2: 22 | I2: =SUM(C2:H2) -> 39
A3: 1-1支渠 | B3: =支渠!E35 -> 6803 | D3: 15 | E3: 1 | G3: 3 | I3: =SUM(C3:H3) -> 19
A4: 1-2支渠 | B4: =支渠!E36 -> 7224 | D4: 13 | G4: 2 | I4: =SUM(C4:H4) -> 15 | K4: =39+120+107+97+81+38+146+65+66+54+57+44+69+64 -> 1047
A5: 1-3支渠 | B5: =支渠!E37 -> 4900 | D5: 15 | G5: 2 | I5: =SUM(C5:H5) -> 17
A6: 1-4支渠 | B6: =支渠!E38 -> 5310 | D6: 12 | F6: 1 | G6: 2 | I6: =SUM(C6:H6) -> 15
A7: 1-5支渠 | B7: =支渠!E39 -> 2545 | D7: 6 | G7: 1 | I7: =SUM(C7:H7) -> 7
A8: 2-1支渠 | B8: =支渠!E40 -> 4150 | D8: 22 | E8: 1 | G8: 17 | I8: =SUM(C8:H8) -> 40
A9: 2-2支渠 | B9: =支渠!E41 -> 4800 | D9: 12 | E9: 2 | G9: 3 | I9: =SUM(C9:H9) -> 17
A10: 2-3支渠 | B10: =支渠!E42 -> 4400 | D10: 11 | E10: 1 | G10: 14 | I10: =SUM(C10:H10) -> 26
A11: 2-4支渠 | B11: =支渠!E43 -> 4000 | D11: 10 | E11: 1 | G11: 3 | I11: =SUM(C11:H11) -> 14
A12: 2-5支渠 | B12: =支渠!E44 -> 3550 | D12: 9 | E12: 1 | G12: 10 | I12: =SUM(C12:H12) -> 20
A13: 2-6支渠 | B13: =支渠!E45 -> 3400 | D13: 8 | E13: 1 | G13: 2 | I13: =SUM(C13:H13) -> 11
A14: 2-7支渠 | B14: =支渠!E46 -> 5020 | D14: 11 | E14: 1 | G14: 7 | I14: =SUM(C14:H14) -> 19
B15: =SUM(B3:B14) -> 56102 | C15: =SUM(C3:C14) -> 0 | D15: =SUM(D3:D14) -> 144 | E15: =SUM(E3:E14) -> 9 | F15: =SUM(F3:F14) -> 1 | G15: =SUM(G3:G14) -> 66 | H15: =SUM(H3:H14) -> 0 | I15: =SUM(I3:I14) -> 220
A16: 斗渠 | B16: =斗渠!C176 -> 152691 | E16: 13 | G16: 51 | H16: 668 | I16: =SUM(C16:H16) -> 732
A17: 合计 | B17: =SUM(B2:B16) -> 278178 | C17: =C15+C16 -> 0 | D17: =D15+D16 -> 144 | E17: =E15+E16 -> 22 | F17: =F15+F16 -> 1 | G17: =G15+G16 -> 117 | H17: =H15+H16 -> 668 | I17: =SUM(C17:H17) -> 952 | J17: =SUM(I2:I16) -> 1211
G19: =117-G17 -> 0
A22: 渠道 | B22: 分水闸 | C22: 箱涵 | D22: 跌水 | E22: 农桥 | F22: 斗口
A23: 干渠 | B23: 12 | C23: 4 | D23: 22
A24: 1-1支渠 | B24: 15 | C24: 1 | E24: 3
A25: 1-2支渠 | B25: 13 | E25: 2
A26: 1-3支渠 | B26: 15 | E26: 2 | J26: =157+117+716 -> 990
A27: 1-4支渠 | B27: 12 | D27: 1 | E27: 2
A28: 1-5支渠 | B28: 6 | E28: 1
A29: 2-1支渠 | B29: 22 | C29: 1 | E29: 17
A30: 2-2支渠 | B30: 12 | C30: 2 | E30: 3
A31: 2-3支渠 | B31: 11 | C31: 1 | E31: 14
A32: 2-4支渠 | B32: 10 | C32: 1 | E32: 3
A33: 2-5支渠 | B33: 9 | C33: 1 | E33: 10
A34: 2-6支渠 | B34: 8 | C34: 1 | E34: 2
A35: 2-7支渠 | B35: 11 | C35: 1 | E35: 7
A36: 斗渠 | C36: 13 | E36: 51
A37: 合计 | B37: =SUM(B23:B36) -> 156 | C37: =SUM(C23:C36) -> 26 | D37: =SUM(D23:D36) -> 23 | E37: =SUM(E23:E36) -> 117 | F37: 668

Sheet 试算
B1: 灌水率
B2: 0.185
B3: 利用系数
B4: 干渠 | C4: 支渠 | D4: 斗渠 | E4: 农渠 | F4: 渠系 | G4: 田间 | H4: 灌溉
B5: 0.91 | C5: 0.91 | D5: 0.87 | E5: 0.88 | F5: 0.64 | G5: 0.87 | H5: =ROUND(F5*G5,2) -> 0.56
B7: 干渠流量
B8: 3
B12: 现状干渠
B13: 底宽 | C13: 深 | D13: 比降 | L13: =L14+1.16 -> 1.65
B14: 3 | C14: 2 | D14: =0.21/88 -> 0.0023863636 | L14: =L15+0.2 -> 0.49
B15: 干渠 | K15: =1.168+1.168/4+0.2 -> 1.66 | L15: =1.16/4 -> 0.29
B16: b | C16: m | D16: i | E16: n | F16: h | G16: v | H16: q
A17: 加大 | B17: 1.7 | C17: 0 | D17: 0.002 | E17: 0.014 | F17: 1.12 | G17: 1.97 | H17: 3.75 | K17: =1/550 -> 0.0018181818
A18: 设计 | F18: 0.94 | G18: 1.87 | H18: 3
A19: 尺寸 | B19: 1.7*1.6 | C19: =1.12/4+0.2 -> 0.48
C20: =C19+1.12 -> 1.6
A22: 加大 | B22: 1 | C22: 1.5 | D22: 0.001 | E22: 0.014 | F22: 1 | G22: 1.5
A23: 设计 | F23: 0.9 | G23: 1.42
B24: 1*1.5 | I24: 1.5
A25: 加大 | B25: 1 | C25: 1.5 | D25: 0.002 | E25: 0.014 | F25: 0.85 | G25: 1.95 | I25: 1.42
A26: 设计 | F26: 0.77 | G26: 1.85
F27: =0.85+0.85*0.25+0.2 -> 1.2625
B28: 1*1.3
A30: 加大 | B30: 1 | C30: 1.5 | D30: 0.0005 | E30: 0.014 | F30: 1.17 | G30: 1.16
A31: 设计 | F31: 1.06 | G31: 1.1
E34: =13200-9700 -> 3500 | F34: =1665.41-1660.9 -> 4.51
F35: =F34/E34 -> 0.0012885714
A39: 干 | B39: 13.283 | C39: =B39*80 -> 1062.64
A40: 支1 | B40: 24.32 | C40: =B40*25 -> 608
A41: 支2 | B41: 30.1 | C41: =B41*23 -> 692.3 | J41: =0.2*3.2+0.25*1.7 -> 1.065
A42: 斗1 | B42: 44.9 | C42: =B42*22 -> 987.8
A43: 斗2 | B43: 45.5 | C43: =B43*22 -> 1001
C44: =SUM(C39:C43) -> 4351.74
C45: =C44*1.8 -> 7833.132

Sheet 干渠
B1: 备注 | C1: 桩号 | D1: 流量 | F1: 流速 | H1: 水深 | J1: 糙率 | K1: 比降 | M1: 底宽 | N1: 边坡系数 | S1: 超高 | T1: 渠深 | U1: 上口宽度 | V1: 地面高程 | W1: 渠底高程 | X1: 设计水位 | Y1: 备注
D2: Q大 | E2: Q设 | F2: V大 | G2: V设 | H2: H大 | I2: H设 | J2: n | K2: i | M2: b | N2: m | O2: B设 | P2: A设 | Q2: B大 | R2: A大 | S2: Fb | T2: h | U2: B
C3: km+m | D3: m3/s | E3: m3/s | F3: m/s | G3: m/s | H3: m | I3: m | M3: m | S3: m | T3: m | U3: m | V3: m | W3: m | X3: m
A4: 分水闸 | C4: =Sheet1!C2 -> 0 | D4: =E4*1.25 -> 3.75 | E4: 3
A5: 矩形钢筋混凝土渠 | C5: =Sheet1!C6 -> 30 | D5: =E5*1.25 -> 3.75 | E5: 3 | F5: =ROUND(D5/R5,2) -> 1.97 | G5: =ROUND(E5/P5,2) -> 1.88 | H5: 1.12 | I5: 0.87 | J5: 0.014 | K5: =Sheet1!K6 -> 0.002 | L5: ="1/"&ROUND(1/K5,0) -> 1/500 | M5: 1.7 | N5: 0 | O5: =ROUND(M5+2*N5*I5,2) -> 1.7 | P5: 1.6 | Q5: =ROUND(M5+N5*2*H5,2) -> 1.7 | R5: =ROUND((M5+Q5)*H5/2,2) -> 1.9 | S5: =T5-H5 -> 0.48 | T5: 1.6 | U5: =M5+T5*N5 -> 1.7 | V5: =Sheet1!E6 -> 1729.58 | W5: =Sheet1!G6 -> 1728 | X5: =W5+I5 -> 1728.87 | AA5: =X5-W5+G5*G5/2/9.81 -> 1.0501427 | AB5: =X5-W5 -> 0.87
C6: =Sheet1!C8 -> 50 | D6: =E6*1.25 -> 3.75 | E6: 3 | F6: =ROUND(D6/R6,2) -> 1.97 | G6: =ROUND(E6/P6,2) -> 1.88 | H6: 1.12 | I6: 0.87 | J6: 0.014 | K6: =Sheet1!K7 -> 0.002 | L6: ="1/"&ROUND(1/K6,0) -> 1/500 | M6: 1.7 | N6: 0 | O6: =ROUND(M6+2*N6*I6,2) -> 1.7 | P6: 1.6 | Q6: =ROUND(M6+N6*2*H6,2) -> 1.7 | R6: =ROUND((M6+Q6)*H6/2,2) -> 1.9 | S6: =T6-H6 -> 0.48 | T6: 1.6 | U6: =M6+T6*N6 -> 1.7 | V6: =Sheet1!E8 -> 1728.9 | W6: =Sheet1!G8 -> 1727.96 | X6: =W6+I6 -> 1728.83
C7: =Sheet1!C9 -> 100 | D7: =E7*1.25 -> 3.75 | E7: 3 | F7: =ROUND(D7/R7,2) -> 1.97 | G7: =ROUND(E7/P7,2) -> 1.88 | H7: 1.12 | I7: 0.87 | J7: 0.014 | K7: =Sheet1!K8 -> 0.002 | L7: ="1/"&ROUND(1/K7,0) -> 1/500 | M7: 1.7 | N7: 0 | O7: =ROUND(M7+2*N7*I7,2) -> 1.7 | P7: 1.6 | Q7: =ROUND(M7+N7*2*H7,2) -> 1.7 | R7: =ROUND((M7+Q7)*H7/2,2) -> 1.9 | S7: =T7-H7 -> 0.48 | T7: 1.6 | U7: =M7+T7*N7 -> 1.7 | V7: =Sheet1!E9 -> 1729.73 | W7: =Sheet1!G9 -> 1727.86 | X7: =W7+I7 -> 1728.73
C8: =Sheet1!C10 -> 150 | D8: =E8*1.25 -> 3.75 | E8: 3 | F8: =ROUND(D8/R8,2) -> 1.97 | G8: =ROUND(E8/P8,2) -> 1.88 | H8: 1.12 | I8: 0.87 | J8: 0.014 | K8: =Sheet1!K9 -> 0.002 | L8: ="1/"&ROUND(1/K8,0) -> 1/500 | M8: 1.7 | N8: 0 | O8: =ROUND(M8+2*N8*I8,2) -> 1.7 | P8: 1.6 | Q8: =ROUND(M8+N8*2*H8,2) -> 1.7 | R8: =ROUND((M8+Q8)*H8/2,2) -> 1.9 | S8: =T8-H8 -> 0.48 | T8: 1.6 | U8: =M8+T8*N8 -> 1.7 | V8: =Sheet1!E10 -> 1728.71 | W8: =Sheet1!G10 -> 1727.76 | X8: =W8+I8 -> 1728.63
C9: =Sheet1!C11 -> 200 | D9: =E9*1.25 -> 3.75 | E9: 3 | F9: =ROUND(D9/R9,2) -> 1.97 | G9: =ROUND(E9/P9,2) -> 1.88 | H9: 1.12 | I9: 0.87 | J9: 0.014 | K9: =Sheet1!K10 -> 0.002 | L9: ="1/"&ROUND(1/K9,0) -> 1/500 | M9: 1.7 | N9: 0 | O9: =ROUND(M9+2*N9*I9,2) -> 1.7 | P9: 1.6 | Q9: =ROUND(M9+N9*2*H9,2) -> 1.7 | R9: =ROUND((M9+Q9)*H9/2,2) -> 1.9 | S9: =T9-H9 -> 0.48 | T9: 1.6 | U9: =M9+T9*N9 -> 1.7 | V9: =Sheet1!E11 -> 1727.89 | W9: =Sheet1!G11 -> 1727.66 | X9: =W9+I9 -> 1728.53
B10: 1#跌水2.2m | C10: =Sheet1!C12 -> 210 | D10: =E10*1.25 -> 3.75 | E10: 3 | F10: =ROUND(D10/R10,2) -> 1.97 | G10: =ROUND(E10/P10,2) -> 1.88 | H10: 1.12 | I10: 0.87 | J10: 0.014 | K10: =Sheet1!K11 -> 0.002 | L10: ="1/"&ROUND(1/K10,0) -> 1/500 | M10: 1.7 | N10: 0 | O10: =ROUND(M10+2*N10*I10,2) -> 1.7 | P10: 1.6 | Q10: =ROUND(M10+N10*2*H10,2) -> 1.7 | R10: =ROUND((M10+Q10)*H10/2,2) -> 1.9 | S10: =T10-H10 -> 0.48 | T10: 1.6 | U10: =M10+T10*N10 -> 1.7 | V10: =Sheet1!E12 -> 1727.73 | W10: =Sheet1!G12 -> 1727.64 | X10: =W10+I10 -> 1728.51 | Y10: 1#跌水2.2m
C11: =Sheet1!C13 -> 213 | D11: =E11*1.25 -> 3.75 | E11: 3 | F11: =ROUND(D11/R11,2) -> 1.97 | G11: =ROUND(E11/P11,2) -> 1.88 | H11: 1.12 | I11: 0.87 | J11: 0.014 | K11: =Sheet1!K12 -> 0.002 | L11: ="1/"&ROUND(1/K11,0) -> 1/500 | M11: 1.7 | N11: 0 | O11: =ROUND(M11+2*N11*I11,2) -> 1.7 | P11: 1.6 | Q11: =ROUND(M11+N11*2*H11,2) -> 1.7 | R11: =ROUND((M11+Q11)*H11/2,2) -> 1.9 | S11: =T11-H11 -> 0.48 | T11: 1.6 | U11: =M11+T11*N11 -> 1.7 | V11: =Sheet1!E13 -> 1727.73 | W11: =Sheet1!G13 -> 1725.44 | X11: =W11+I11 -> 1726.31
C12: =Sheet1!C14 -> 250 | D12: =E12*1.25 -> 3.75 | E12: 3 | F12: =ROUND(D12/R12,2) -> 1.97 | G12: =ROUND(E12/P12,2) -> 1.88 | H12: 1.12 | I12: 0.87 | J12: 0.014 | K12: =Sheet1!K13 -> 0.002 | L12: ="1/"&ROUND(1/K12,0) -> 1/500 | M12: 1.7 | N12: 0 | O12: =ROUND(M12+2*N12*I12,2) -> 1.7 | P12: 1.6 | Q12: =ROUND(M12+N12*2*H12,2) -> 1.7 | R12: =ROUND((M12+Q12)*H12/2,2) -> 1.9 | S12: =T12-H12 -> 0.48 | T12: 1.6 | U12: =M12+T12*N12 -> 1.7 | V12: =Sheet1!E14 -> 1727.17 | W12: =Sheet1!G14 -> 1725.36 | X12: =W12+I12 -> 1726.23
C13: =Sheet1!C15 -> 300 | D13: =E13*1.25 -> 3.75 | E13: 3 | F13: =ROUND(D13/R13,2) -> 1.97 | G13: =ROUND(E13/P13,2) -> 1.88 | H13: 1.12 | I13: 0.87 | J13: 0.014 | K13: =Sheet1!K14 -> 0.002 | L13: ="1/"&ROUND(1/K13,0) -> 1/500 | M13: 1.7 | N13: 0 | O13: =ROUND(M13+2*N13*I13,2) -> 1.7 | P13: 1.6 | Q13: =ROUND(M13+N13*2*H13,2) -> 1.7 | R13: =ROUND((M13+Q13)*H13/2,2) -> 1.9 | S13: =T13-H13 -> 0.48 | T13: 1.6 | U13: =M13+T13*N13 -> 1.7 | V13: =Sheet1!E15 -> 1726.51 | W13: =Sheet1!G15 -> 1725.26 | X13: =W13+I13 -> 1726.13
C14: =Sheet1!C16 -> 350 | D14: =E14*1.25 -> 3.75 | E14: 3 | F14: =ROUND(D14/R14,2) -> 1.97 | G14: =ROUND(E14/P14,2) -> 1.88 | H14: 1.12 | I14: 0.87 | J14: 0.014 | K14: =Sheet1!K15 -> 0.002 | L14: ="1/"&ROUND(1/K14,0) -> 1/500 | M14: 1.7 | N14: 0 | O14: =ROUND(M14+2*N14*I14,2) -> 1.7 | P14: 1.6 | Q14: =ROUND(M14+N14*2*H14,2) -> 1.7 | R14: =ROUND((M14+Q14)*H14/2,2) -> 1.9 | S14: =T14-H14 -> 0.48 | T14: 1.6 | U14: =M14+T14*N14 -> 1.7 | V14: =Sheet1!E16 -> 1725.77 | W14: =Sheet1!G16 -> 1725.16 | X14: =W14+I14 -> 1726.03
C15: =Sheet1!C17 -> 400 | D15: =E15*1.25 -> 3.75 | E15: 3 | F15: =ROUND(D15/R15,2) -> 1.97 | G15: =ROUND(E15/P15,2) -> 1.88 | H15: 1.12 | I15: 0.87 | J15: 0.014 | K15: =Sheet1!K16 -> 0.002 | L15: ="1/"&ROUND(1/K15,0) -> 1/500 | M15: 1.7 | N15: 0 | O15: =ROUND(M15+2*N15*I15,2) -> 1.7 | P15: 1.6 | Q15: =ROUND(M15+N15*2*H15,2) -> 1.7 | R15: =ROUND((M15+Q15)*H15/2,2) -> 1.9 | S15: =T15-H15 -> 0.48 | T15: 1.6 | U15: =M15+T15*N15 -> 1.7 | V15: =Sheet1!E17 -> 1725.11 | W15: =Sheet1!G17 -> 1725.06 | X15: =W15+I15 -> 1725.93
B16: 2#跌水2.2m | C16: =Sheet1!C18 -> 420 | D16: =E16*1.25 -> 3.75 | E16: 3 | F16: =ROUND(D16/R16,2) -> 1.97 | G16: =ROUND(E16/P16,2) -> 1.88 | H16: 1.12 | I16: 0.87 | J16: 0.014 | K16: =Sheet1!K17 -> 0.002 | L16: ="1/"&ROUND(1/K16,0) -> 1/500 | M16: 1.7 | N16: 0 | O16: =ROUND(M16+2*N16*I16,2) -> 1.7 | P16: 1.6 | Q16: =ROUND(M16+N16*2*H16,2) -> 1.7 | R16: =ROUND((M16+Q16)*H16/2,2) -> 1.9 | S16: =T16-H16 -> 0.48 | T16: 1.6 | U16: =M16+T16*N16 -> 1.7 | V16: =Sheet1!E18 -> 1724.79 | W16: =Sheet1!G18 -> 1725.02 | X16: =W16+I16 -> 1725.89 | Y16: 2#跌水2.2m
C17: =Sheet1!C19 -> 423 | D17: =E17*1.25 -> 3.75 | E17: 3 | F17: =ROUND(D17/R17,2) -> 1.97 | G17: =ROUND(E17/P17,2) -> 1.88 | H17: 1.12 | I17: 0.87 | J17: 0.014 | K17: =Sheet1!K18 -> 0.002 | L17: ="1/"&ROUND(1/K17,0) -> 1/500 | M17: 1.7 | N17: 0 | O17: =ROUND(M17+2*N17*I17,2) -> 1.7 | P17: 1.6 | Q17: =ROUND(M17+N17*2*H17,2) -> 1.7 | R17: =ROUND((M17+Q17)*H17/2,2) -> 1.9 | S17: =T17-H17 -> 0.48 | T17: 1.6 | U17: =M17+T17*N17 -> 1.7 | V17: =Sheet1!E19 -> 1724.79 | W17: =Sheet1!G19 -> 1722.82 | X17: =W17+I17 -> 1723.69
C18: =Sheet1!C20 -> 430 | D18: =E18*1.25 -> 3.75 | E18: 3 | F18: =ROUND(D18/R18,2) -> 1.97 | G18: =ROUND(E18/P18,2) -> 1.88 | H18: 1.12 | I18: 0.87 | J18: 0.014 | K18: =Sheet1!K19 -> 0.002 | L18: ="1/"&ROUND(1/K18,0) -> 1/500 | M18: 1.7 | N18: 0 | O18: =ROUND(M18+2*N18*I18,2) -> 1.7 | P18: 1.6 | Q18: =ROUND(M18+N18*2*H18,2) -> 1.7 | R18: =ROUND((M18+Q18)*H18/2,2) -> 1.9 | S18: =T18-H18 -> 0.48 | T18: 1.6 | U18: =M18+T18*N18 -> 1.7 | V18: =Sheet1!E20 -> 1724.65 | W18: =Sheet1!G20 -> 1722.82 | X18: =W18+I18 -> 1723.69
C19: =Sheet1!C21 -> 460 | D19: =E19*1.25 -> 3.75 | E19: 3 | F19: =ROUND(D19/R19,2) -> 1.97 | G19: =ROUND(E19/P19,2) -> 1.88 | H19: 1.12 | I19: 0.87 | J19: 0.014 | K19: =Sheet1!K20 -> 0.002 | L19: ="1/"&ROUND(1/K19,0) -> 1/500 | M19: 1.7 | N19: 0 | O19: =ROUND(M19+2*N19*I19,2) -> 1.7 | P19: 1.6 | Q19: =ROUND(M19+N19*2*H19,2) -> 1.7 | R19: =ROUND((M19+Q19)*H19/2,2) -> 1.9 | S19: =T19-H19 -> 0.48 | T19: 1.6 | U19: =M19+T19*N19 -> 1.7 | V19: =Sheet1!E21 -> 1724.27 | W19: =Sheet1!G21 -> 1722.76 | X19: =W19+I19 -> 1723.63
C20: =Sheet1!C22 -> 464 | D20: =E20*1.25 -> 3.75 | E20: 3 | F20: =ROUND(D20/R20,2) -> 1.97 | G20: =ROUND(E20/P20,2) -> 1.88 | H20: 1.12 | I20: 0.87 | J20: 0.014 | K20: =Sheet1!K21 -> 0.002 | L20: ="1/"&ROUND(1/K20,0) -> 1/500 | M20: 1.7 | N20: 0 | O20: =ROUND(M20+2*N20*I20,2) -> 1.7 | P20: 1.6 | Q20: =ROUND(M20+N20*2*H20,2) -> 1.7 | R20: =ROUND((M20+Q20)*H20/2,2) -> 1.9 | S20: =T20-H20 -> 0.48 | T20: 1.6 | U20: =M20+T20*N20 -> 1.7 | V20: =Sheet1!E22 -> 1724.03 | W20: =Sheet1!G22 -> 1722.75 | X20: =W20+I20 -> 1723.62
C21: =Sheet1!C23 -> 500 | D21: =E21*1.25 -> 3.75 | E21: 3 | F21: =ROUND(D21/R21,2) -> 1.97 | G21: =ROUND(E21/P21,2) -> 1.88 | H21: 1.12 | I21: 0.87 | J21: 0.014 | K21: =Sheet1!K22 -> 0.002 | L21: ="1/"&ROUND(1/K21,0) -> 1/500 | M21: 1.7 | N21: 0 | O21: =ROUND(M21+2*N21*I21,2) -> 1.7 | P21: 1.6 | Q21: =ROUND(M21+N21*2*H21,2) -> 1.7 | R21: =ROUND((M21+Q21)*H21/2,2) -> 1.9 | S21: =T21-H21 -> 0.48 | T21: 1.6 | U21: =M21+T21*N21 -> 1.7 | V21: =Sheet1!E23 -> 1723.46 | W21: =Sheet1!G23 -> 1722.68 | X21: =W21+I21 -> 1723.55
C22: =Sheet1!C24 -> 550 | D22: =E22*1.25 -> 3.75 | E22: 3 | F22: =ROUND(D22/R22,2) -> 1.97 | G22: =ROUND(E22/P22,2) -> 1.88 | H22: 1.12 | I22: 0.87 | J22: 0.014 | K22: =Sheet1!K23 -> 0.002 | L22: ="1/"&ROUND(1/K22,0) -> 1/500 | M22: 1.7 | N22: 0 | O22: =ROUND(M22+2*N22*I22,2) -> 1.7 | P22: 1.6 | Q22: =ROUND(M22+N22*2*H22,2) -> 1.7 | R22: =ROUND((M22+Q22)*H22/2,2) -> 1.9 | S22: =T22-H22 -> 0.48 | T22: 1.6 | U22: =M22+T22*N22 -> 1.7 | V22: =Sheet1!E24 -> 1722.89 | W22: =Sheet1!G24 -> 1722.58 | X22: =W22+I22 -> 1723.45
C23: =Sheet1!C25 -> 600 | D23: =E23*1.25 -> 3.75 | E23: 3 | F23: =ROUND(D23/R23,2) -> 1.97 | G23: =ROUND(E23/P23,2) -> 1.88 | H23: 1.12 | I23: 0.87 | J23: 0.014 | K23: =Sheet1!K24 -> 0.002 | L23: ="1/"&ROUND(1/K23,0) -> 1/500 | M23: 1.7 | N23: 0 | O23: =ROUND(M23+2*N23*I23,2) -> 1.7 | P23: 1.6 | Q23: =ROUND(M23+N23*2*H23,2) -> 1.7 | R23: =ROUND((M23+Q23)*H23/2,2) -> 1.9 | S23: =T23-H23 -> 0.48 | T23: 1.6 | U23: =M23+T23*N23 -> 1.7 | V23: =Sheet1!E25 -> 1722.38 | W23: =Sheet1!G25 -> 1722.48 | X23: =W23+I23 -> 1723.35
C24: =Sheet1!C26 -> 610 | D24: =E24*1.25 -> 3.75 | E24: 3 | F24: =ROUND(D24/R24,2) -> 1.97 | G24: =ROUND(E24/P24,2) -> 1.88 | H24: 1.12 | I24: 0.87 | J24: 0.014 | K24: =Sheet1!K25 -> 0.002 | L24: ="1/"&ROUND(1/K24,0) -> 1/500 | M24: 1.7 | N24: 0 | O24: =ROUND(M24+2*N24*I24,2) -> 1.7 | P24: 1.6 | Q24: =ROUND(M24+N24*2*H24,2) -> 1.7 | R24: =ROUND((M24+Q24)*H24/2,2) -> 1.9 | S24: =T24-H24 -> 0.48 | T24: 1.6 | U24: =M24+T24*N24 -> 1.7 | V24: =Sheet1!E26 -> 1722.62 | W24: =Sheet1!G26 -> 1722.46 | X24: =W24+I24 -> 1723.33
C25: =Sheet1!C27 -> 650 | D25: =E25*1.25 -> 3.75 | E25: 3 | F25: =ROUND(D25/R25,2) -> 1.97 | G25: =ROUND(E25/P25,2) -> 1.88 | H25: 1.12 | I25: 0.87 | J25: 0.014 | K25: =Sheet1!K26 -> 0.002 | L25: ="1/"&ROUND(1/K25,0) -> 1/500 | M25: 1.7 | N25: 0 | O25: =ROUND(M25+2*N25*I25,2) -> 1.7 | P25: 1.6 | Q25: =ROUND(M25+N25*2*H25,2) -> 1.7 | R25: =ROUND((M25+Q25)*H25/2,2) -> 1.9 | S25: =T25-H25 -> 0.48 | T25: 1.6 | U25: =M25+T25*N25 -> 1.7 | V25: =Sheet1!E27 -> 1722.22 | W25: =Sheet1!G27 -> 1722.38 | X25: =W25+I25 -> 1723.25
B26: 3#跌水2.2m | C26: =Sheet1!C28 -> 660 | D26: =E26*1.25 -> 3.75 | E26: 3 | F26: =ROUND(D26/R26,2) -> 1.97 | G26: =ROUND(E26/P26,2) -> 1.88 | H26: 1.12 | I26: 0.87 | J26: 0.014 | K26: =Sheet1!K27 -> 0.002 | L26: ="1/"&ROUND(1/K26,0) -> 1/500 | M26: 1.7 | N26: 0 | O26: =ROUND(M26+2*N26*I26,2) -> 1.7 | P26: 1.6 | Q26: =ROUND(M26+N26*2*H26,2) -> 1.7 | R26: =ROUND((M26+Q26)*H26/2,2) -> 1.9 | S26: =T26-H26 -> 0.48 | T26: 1.6 | U26: =M26+T26*N26 -> 1.7 | V26: =Sheet1!E28 -> 1722.12 | W26: =Sheet1!G28 -> 1722.36 | X26: =W26+I26 -> 1723.23 | Y26: 3#跌水2.2m
C27: =Sheet1!C29 -> 663 | D27: =E27*1.25 -> 3.75 | E27: 3 | F27: =ROUND(D27/R27,2) -> 1.97 | G27: =ROUND(E27/P27,2) -> 1.88 | H27: 1.12 | I27: 0.87 | J27: 0.014 | K27: =Sheet1!K28 -> 0.002 | L27: ="1/"&ROUND(1/K27,0) -> 1/500 | M27: 1.7 | N27: 0 | O27: =ROUND(M27+2*N27*I27,2) -> 1.7 | P27: 1.6 | Q27: =ROUND(M27+N27*2*H27,2) -> 1.7 | R27: =ROUND((M27+Q27)*H27/2,2) -> 1.9 | S27: =T27-H27 -> 0.48 | T27: 1.6 | U27: =M27+T27*N27 -> 1.7 | V27: =Sheet1!E29 -> 1722.09 | W27: =Sheet1!G29 -> 1720.16 | X27: =W27+I27 -> 1721.03
C28: =Sheet1!C30 -> 700 | D28: =E28*1.25 -> 3.75 | E28: 3 | F28: =ROUND(D28/R28,2) -> 1.97 | G28: =ROUND(E28/P28,2) -> 1.88 | H28: 1.12 | I28: 0.87 | J28: 0.014 | K28: =Sheet1!K29 -> 0.002 | L28: ="1/"&ROUND(1/K28,0) -> 1/500 | M28: 1.7 | N28: 0 | O28: =ROUND(M28+2*N28*I28,2) -> 1.7 | P28: 1.6 | Q28: =ROUND(M28+N28*2*H28,2) -> 1.7 | R28: =ROUND((M28+Q28)*H28/2,2) -> 1.9 | S28: =T28-H28 -> 0.48 | T28: 1.6 | U28: =M28+T28*N28 -> 1.7 | V28: =Sheet1!E30 -> 1721.72 | W28: =Sheet1!G30 -> 1720.08 | X28: =W28+I28 -> 1720.95
C29: =Sheet1!C31 -> 710 | D29: =E29*1.25 -> 3.75 | E29: 3 | F29: =ROUND(D29/R29,2) -> 1.97 | G29: =ROUND(E29/P29,2) -> 1.88 | H29: 1.12 | I29: 0.87 | J29: 0.014 | K29: =Sheet1!K30 -> 0.002 | L29: ="1/"&ROUND(1/K29,0) -> 1/500 | M29: 1.7 | N29: 0 | O29: =ROUND(M29+2*N29*I29,2) -> 1.7 | P29: 1.6 | Q29: =ROUND(M29+N29*2*H29,2) -> 1.7 | R29: =ROUND((M29+Q29)*H29/2,2) -> 1.9 | S29: =T29-H29 -> 0.48 | T29: 1.6 | U29: =M29+T29*N29 -> 1.7 | V29: =Sheet1!E31 -> 1721.61 | W29: =Sheet1!G31 -> 1720.06 | X29: =W29+I29 -> 1720.93
C30: =Sheet1!C32 -> 750 | D30: =E30*1.25 -> 3.75 | E30: 3 | F30: =ROUND(D30/R30,2) -> 1.97 | G30: =ROUND(E30/P30,2) -> 1.88 | H30: 1.12 | I30: 0.87 | J30: 0.014 | K30: =Sheet1!K31 -> 0.002 | L30: ="1/"&ROUND(1/K30,0) -> 1/500 | M30: 1.7 | N30: 0 | O30: =ROUND(M30+2*N30*I30,2) -> 1.7 | P30: 1.6 | Q30: =ROUND(M30+N30*2*H30,2) -> 1.7 | R30: =ROUND((M30+Q30)*H30/2,2) -> 1.9 | S30: =T30-H30 -> 0.48 | T30: 1.6 | U30: =M30+T30*N30 -> 1.7 | V30: =Sheet1!E32 -> 1721.2 | W30: =Sheet1!G32 -> 1719.98 | X30: =W30+I30 -> 1720.85
C31: =Sheet1!C33 -> 800 | D31: =E31*1.25 -> 3.75 | E31: 3 | F31: =ROUND(D31/R31,2) -> 1.97 | G31: =ROUND(E31/P31,2) -> 1.88 | H31: 1.12 | I31: 0.87 | J31: 0.014 | K31: =Sheet1!K32 -> 0.002 | L31: ="1/"&ROUND(1/K31,0) -> 1/500 | M31: 1.7 | N31: 0 | O31: =ROUND(M31+2*N31*I31,2) -> 1.7 | P31: 1.6 | Q31: =ROUND(M31+N31*2*H31,2) -> 1.7 | R31: =ROUND((M31+Q31)*H31/2,2) -> 1.9 | S31: =T31-H31 -> 0.48 | T31: 1.6 | U31: =M31+T31*N31 -> 1.7 | V31: =Sheet1!E33 -> 1720.6 | W31: =Sheet1!G33 -> 1719.88 | X31: =W31+I31 -> 1720.75
C32: =Sheet1!C34 -> 850 | D32: =E32*1.25 -> 3.75 | E32: 3 | F32: =ROUND(D32/R32,2) -> 1.97 | G32: =ROUND(E32/P32,2) -> 1.88 | H32: 1.12 | I32: 0.87 | J32: 0.014 | K32: =Sheet1!K33 -> 0.002 | L32: ="1/"&ROUND(1/K32,0) -> 1/500 | M32: 1.7 | N32: 0 | O32: =ROUND(M32+2*N32*I32,2) -> 1.7 | P32: 1.6 | Q32: =ROUND(M32+N32*2*H32,2) -> 1.7 | R32: =ROUND((M32+Q32)*H32/2,2) -> 1.9 | S32: =T32-H32 -> 0.48 | T32: 1.6 | U32: =M32+T32*N32 -> 1.7 | V32: =Sheet1!E34 -> 1720 | W32: =Sheet1!G34 -> 1719.78 | X32: =W32+I32 -> 1720.65
B33: 4#跌水2.2m | C33: =Sheet1!C35 -> 880 | D33: =E33*1.25 -> 3.75 | E33: 3 | F33: =ROUND(D33/R33,2) -> 1.97 | G33: =ROUND(E33/P33,2) -> 1.88 | H33: 1.12 | I33: 0.87 | J33: 0.014 | K33: =Sheet1!K34 -> 0.002 | L33: ="1/"&ROUND(1/K33,0) -> 1/500 | M33: 1.7 | N33: 0 | O33: =ROUND(M33+2*N33*I33,2) -> 1.7 | P33: 1.6 | Q33: =ROUND(M33+N33*2*H33,2) -> 1.7 | R33: =ROUND((M33+Q33)*H33/2,2) -> 1.9 | S33: =T33-H33 -> 0.48 | T33: 1.6 | U33: =M33+T33*N33 -> 1.7 | V33: =Sheet1!E35 -> 1719.5 | W33: =Sheet1!G35 -> 1719.72 | X33: =W33+I33 -> 1720.59 | Y33: 4#跌水2.2m
C34: =Sheet1!C36 -> 882 | D34: =E34*1.25 -> 3.75 | E34: 3 | F34: =ROUND(D34/R34,2) -> 1.97 | G34: =ROUND(E34/P34,2) -> 1.88 | H34: 1.12 | I34: 0.87 | J34: 0.014 | K34: =Sheet1!K35 -> 0.002 | L34: ="1/"&ROUND(1/K34,0) -> 1/500 | M34: 1.7 | N34: 0 | O34: =ROUND(M34+2*N34*I34,2) -> 1.7 | P34: 1.6 | Q34: =ROUND(M34+N34*2*H34,2) -> 1.7 | R34: =ROUND((M34+Q34)*H34/2,2) -> 1.9 | S34: =T34-H34 -> 0.48 | T34: 1.6 | U34: =M34+T34*N34 -> 1.7 | V34: =Sheet1!E36 -> 1719.49 | W34: =Sheet1!G36 -> 1717.52 | X34: =W34+I34 -> 1718.39
C35: =Sheet1!C37 -> 900 | D35: =E35*1.25 -> 3.75 | E35: 3 | F35: =ROUND(D35/R35,2) -> 1.97 | G35: =ROUND(E35/P35,2) -> 1.88 | H35: 1.12 | I35: 0.87 | J35: 0.014 | K35: =Sheet1!K36 -> 0.002 | L35: ="1/"&ROUND(1/K35,0) -> 1/500 | M35: 1.7 | N35: 0 | O35: =ROUND(M35+2*N35*I35,2) -> 1.7 | P35: 1.6 | Q35: =ROUND(M35+N35*2*H35,2) -> 1.7 | R35: =ROUND((M35+Q35)*H35/2,2) -> 1.9 | S35: =T35-H35 -> 0.48 | T35: 1.6 | U35: =M35+T35*N35 -> 1.7 | V35: =Sheet1!E37 -> 1719.274 | W35: =Sheet1!G37 -> 1717.48 | X35: =W35+I35 -> 1718.35
C36: =Sheet1!C38 -> 940 | D36: =E36*1.25 -> 3.75 | E36: 3 | F36: =ROUND(D36/R36,2) -> 1.97 | G36: =ROUND(E36/P36,2) -> 1.88 | H36: 1.12 | I36: 0.87 | J36: 0.014 | K36: =Sheet1!K37 -> 0.002 | L36: ="1/"&ROUND(1/K36,0) -> 1/500 | M36: 1.7 | N36: 0 | O36: =ROUND(M36+2*N36*I36,2) -> 1.7 | P36: 1.6 | Q36: =ROUND(M36+N36*2*H36,2) -> 1.7 | R36: =ROUND((M36+Q36)*H36/2,2) -> 1.9 | S36: =T36-H36 -> 0.48 | T36: 1.6 | U36: =M36+T36*N36 -> 1.7 | V36: =Sheet1!E38 -> 1718.79 | W36: =Sheet1!G38 -> 1717.4 | X36: =W36+I36 -> 1718.27
C37: =Sheet1!C39 -> 950 | D37: =E37*1.25 -> 3.75 | E37: 3 | F37: =ROUND(D37/R37,2) -> 1.97 | G37: =ROUND(E37/P37,2) -> 1.88 | H37: 1.12 | I37: 0.87 | J37: 0.014 | K37: =Sheet1!K38 -> 0.002 | L37: ="1/"&ROUND(1/K37,0) -> 1/500 | M37: 1.7 | N37: 0 | O37: =ROUND(M37+2*N37*I37,2) -> 1.7 | P37: 1.6 | Q37: =ROUND(M37+N37*2*H37,2) -> 1.7 | R37: =ROUND((M37+Q37)*H37/2,2) -> 1.9 | S37: =T37-H37 -> 0.48 | T37: 1.6 | U37: =M37+T37*N37 -> 1.7 | V37: =Sheet1!E39 -> 1718.6 | W37: =Sheet1!G39 -> 1717.38 | X37: =W37+I37 -> 1718.25
C38: =Sheet1!C40 -> 1000 | D38: =E38*1.25 -> 3.75 | E38: 3 | F38: =ROUND(D38/R38,2) -> 1.97 | G38: =ROUND(E38/P38,2) -> 1.88 | H38: 1.12 | I38: 0.87 | J38: 0.014 | K38: =Sheet1!K39 -> 0.002 | L38: ="1/"&ROUND(1/K38,0) -> 1/500 | M38: 1.7 | N38: 0 | O38: =ROUND(M38+2*N38*I38,2) -> 1.7 | P38: 1.6 | Q38: =ROUND(M38+N38*2*H38,2) -> 1.7 | R38: =ROUND((M38+Q38)*H38/2,2) -> 1.9 | S38: =T38-H38 -> 0.48 | T38: 1.6 | U38: =M38+T38*N38 -> 1.7 | V38: =Sheet1!E40 -> 1717.9 | W38: =Sheet1!G40 -> 1717.28 | X38: =W38+I38 -> 1718.15
C39: =Sheet1!C41 -> 1050 | D39: =E39*1.25 -> 3.75 | E39: 3 | F39: =ROUND(D39/R39,2) -> 1.97 | G39: =ROUND(E39/P39,2) -> 1.88 | H39: 1.12 | I39: 0.87 | J39: 0.014 | K39: =Sheet1!K40 -> 0.002 | L39: ="1/"&ROUND(1/K39,0) -> 1/500 | M39: 1.7 | N39: 0 | O39: =ROUND(M39+2*N39*I39,2) -> 1.7 | P39: 1.6 | Q39: =ROUND(M39+N39*2*H39,2) -> 1.7 | R39: =ROUND((M39+Q39)*H39/2,2) -> 1.9 | S39: =T39-H39 -> 0.48 | T39: 1.6 | U39: =M39+T39*N39 -> 1.7 | V39: =Sheet1!E41 -> 1717.67 | W39: =Sheet1!G41 -> 1717.18 | X39: =W39+I39 -> 1718.05
C40: =Sheet1!C42 -> 1100 | D40: =E40*1.25 -> 3.75 | E40: 3 | F40: =ROUND(D40/R40,2) -> 1.97 | G40: =ROUND(E40/P40,2) -> 1.88 | H40: 1.12 | I40: 0.87 | J40: 0.014 | K40: =Sheet1!K41 -> 0.002 | L40: ="1/"&ROUND(1/K40,0) -> 1/500 | M40: 1.7 | N40: 0 | O40: =ROUND(M40+2*N40*I40,2) -> 1.7 | P40: 1.6 | Q40: =ROUND(M40+N40*2*H40,2) -> 1.7 | R40: =ROUND((M40+Q40)*H40/2,2) -> 1.9 | S40: =T40-H40 -> 0.48 | T40: 1.6 | U40: =M40+T40*N40 -> 1.7 | V40: =Sheet1!E42 -> 1717.63 | W40: =Sheet1!G42 -> 1717.08 | X40: =W40+I40 -> 1717.95
C41: =Sheet1!C43 -> 1150 | D41: =E41*1.25 -> 3.75 | E41: 3 | F41: =ROUND(D41/R41,2) -> 1.97 | G41: =ROUND(E41/P41,2) -> 1.88 | H41: 1.12 | I41: 0.87 | J41: 0.014 | K41: =Sheet1!K42 -> 0.002 | L41: ="1/"&ROUND(1/K41,0) -> 1/500 | M41: 1.7 | N41: 0 | O41: =ROUND(M41+2*N41*I41,2) -> 1.7 | P41: 1.6 | Q41: =ROUND(M41+N41*2*H41,2) -> 1.7 | R41: =ROUND((M41+Q41)*H41/2,2) -> 1.9 | S41: =T41-H41 -> 0.48 | T41: 1.6 | U41: =M41+T41*N41 -> 1.7 | V41: =Sheet1!E43 -> 1716.99 | W41: =Sheet1!G43 -> 1716.98 | X41: =W41+I41 -> 1717.85
B42: 5#跌水2.2m | C42: =Sheet1!C44 -> 1170 | D42: =E42*1.25 -> 3.75 | E42: 3 | F42: =ROUND(D42/R42,2) -> 1.97 | G42: =ROUND(E42/P42,2) -> 1.88 | H42: 1.12 | I42: 0.87 | J42: 0.014 | K42: =Sheet1!K43 -> 0.002 | L42: ="1/"&ROUND(1/K42,0) -> 1/500 | M42: 1.7 | N42: 0 | O42: =ROUND(M42+2*N42*I42,2) -> 1.7 | P42: 1.6 | Q42: =ROUND(M42+N42*2*H42,2) -> 1.7 | R42: =ROUND((M42+Q42)*H42/2,2) -> 1.9 | S42: =T42-H42 -> 0.48 | T42: 1.6 | U42: =M42+T42*N42 -> 1.7 | V42: =Sheet1!E44 -> 1716.63 | W42: =Sheet1!G44 -> 1716.94 | X42: =W42+I42 -> 1717.81 | Y42: 5#跌水2.2m
C43: =Sheet1!C45 -> 1173 | D43: =E43*1.25 -> 3.75 | E43: 3 | F43: =ROUND(D43/R43,2) -> 1.97 | G43: =ROUND(E43/P43,2) -> 1.88 | H43: 1.12 | I43: 0.87 | J43: 0.014 | K43: =Sheet1!K44 -> 0.002 | L43: ="1/"&ROUND(1/K43,0) -> 1/500 | M43: 1.7 | N43: 0 | O43: =ROUND(M43+2*N43*I43,2) -> 1.7 | P43: 1.6 | Q43: =ROUND(M43+N43*2*H43,2) -> 1.7 | R43: =ROUND((M43+Q43)*H43/2,2) -> 1.9 | S43: =T43-H43 -> 0.48 | T43: 1.6 | U43: =M43+T43*N43 -> 1.7 | V43: =Sheet1!E45 -> 1716.576 | W43: =Sheet1!G45 -> 1714.74 | X43: =W43+I43 -> 1715.61
C44: =Sheet1!C46 -> 1200 | D44: =E44*1.25 -> 3.75 | E44: 3 | F44: =ROUND(D44/R44,2) -> 1.97 | G44: =ROUND(E44/P44,2) -> 1.88 | H44: 1.12 | I44: 0.87 | J44: 0.014 | K44: =Sheet1!K45 -> 0.002 | L44: ="1/"&ROUND(1/K44,0) -> 1/500 | M44: 1.7 | N44: 0 | O44: =ROUND(M44+2*N44*I44,2) -> 1.7 | P44: 1.6 | Q44: =ROUND(M44+N44*2*H44,2) -> 1.7 | R44: =ROUND((M44+Q44)*H44/2,2) -> 1.9 | S44: =T44-H44 -> 0.48 | T44: 1.6 | U44: =M44+T44*N44 -> 1.7 | V44: =Sheet1!E46 -> 1716.1 | W44: =Sheet1!G46 -> 1714.68 | X44: =W44+I44 -> 1715.55
C45: =Sheet1!C47 -> 1250 | D45: =E45*1.25 -> 3.75 | E45: 3 | F45: =ROUND(D45/R45,2) -> 1.97 | G45: =ROUND(E45/P45,2) -> 1.88 | H45: 1.12 | I45: 0.87 | J45: 0.014 | K45: =Sheet1!K46 -> 0.002 | L45: ="1/"&ROUND(1/K45,0) -> 1/500 | M45: 1.7 | N45: 0 | O45: =ROUND(M45+2*N45*I45,2) -> 1.7 | P45: 1.6 | Q45: =ROUND(M45+N45*2*H45,2) -> 1.7 | R45: =ROUND((M45+Q45)*H45/2,2) -> 1.9 | S45: =T45-H45 -> 0.48 | T45: 1.6 | U45: =M45+T45*N45 -> 1.7 | V45: =Sheet1!E47 -> 1715.23 | W45: =Sheet1!G47 -> 1714.58 | X45: =W45+I45 -> 1715.45
C46: =Sheet1!C48 -> 1260 | D46: =E46*1.25 -> 3.75 | E46: 3 | F46: =ROUND(D46/R46,2) -> 1.97 | G46: =ROUND(E46/P46,2) -> 1.88 | H46: 1.12 | I46: 0.87 | J46: 0.014 | K46: =Sheet1!K47 -> 0.002 | L46: ="1/"&ROUND(1/K46,0) -> 1/500 | M46: 1.7 | N46: 0 | O46: =ROUND(M46+2*N46*I46,2) -> 1.7 | P46: 1.6 | Q46: =ROUND(M46+N46*2*H46,2) -> 1.7 | R46: =ROUND((M46+Q46)*H46/2,2) -> 1.9 | S46: =T46-H46 -> 0.48 | T46: 1.6 | U46: =M46+T46*N46 -> 1.7 | V46: =Sheet1!E48 -> 1715.15 | W46: =Sheet1!G48 -> 1714.56 | X46: =W46+I46 -> 1715.43
C47: =Sheet1!C49 -> 1300 | D47: =E47*1.25 -> 3.75 | E47: 3 | F47: =ROUND(D47/R47,2) -> 1.97 | G47: =ROUND(E47/P47,2) -> 1.88 | H47: 1.12 | I47: 0.87 | J47: 0.014 | K47: =Sheet1!K48 -> 0.002 | L47: ="1/"&ROUND(1/K47,0) -> 1/500 | M47: 1.7 | N47: 0 | O47: =ROUND(M47+2*N47*I47,2) -> 1.7 | P47: 1.6 | Q47: =ROUND(M47+N47*2*H47,2) -> 1.7 | R47: =ROUND((M47+Q47)*H47/2,2) -> 1.9 | S47: =T47-H47 -> 0.48 | T47: 1.6 | U47: =M47+T47*N47 -> 1.7 | V47: =Sheet1!E49 -> 1714.71 | W47: =Sheet1!G49 -> 1714.48 | X47: =W47+I47 -> 1715.35
C48: =Sheet1!C50 -> 1350 | D48: =E48*1.25 -> 3.75 | E48: 3 | F48: =ROUND(D48/R48,2) -> 1.97 | G48: =ROUND(E48/P48,2) -> 1.88 | H48: 1.12 | I48: 0.87 | J48: 0.014 | K48: =Sheet1!K49 -> 0.002 | L48: ="1/"&ROUND(1/K48,0) -> 1/500 | M48: 1.7 | N48: 0 | O48: =ROUND(M48+2*N48*I48,2) -> 1.7 | P48: 1.6 | Q48: =ROUND(M48+N48*2*H48,2) -> 1.7 | R48: =ROUND((M48+Q48)*H48/2,2) -> 1.9 | S48: =T48-H48 -> 0.48 | T48: 1.6 | U48: =M48+T48*N48 -> 1.7 | V48: =Sheet1!E50 -> 1714.16 | W48: =Sheet1!G50 -> 1714.38 | X48: =W48+I48 -> 1715.25
B49: 6#跌水2.2m | C49: =Sheet1!C51 -> 1360 | D49: =E49*1.25 -> 3.75 | E49: 3 | F49: =ROUND(D49/R49,2) -> 1.97 | G49: =ROUND(E49/P49,2) -> 1.88 | H49: 1.12 | I49: 0.87 | J49: 0.014 | K49: =Sheet1!K50 -> 0.002 | L49: ="1/"&ROUND(1/K49,0) -> 1/500 | M49: 1.7 | N49: 0 | O49: =ROUND(M49+2*N49*I49,2) -> 1.7 | P49: 1.6 | Q49: =ROUND(M49+N49*2*H49,2) -> 1.7 | R49: =ROUND((M49+Q49)*H49/2,2) -> 1.9 | S49: =T49-H49 -> 0.48 | T49: 1.6 | U49: =M49+T49*N49 -> 1.7 | V49: =Sheet1!E51 -> 1714.05 | W49: =Sheet1!G51 -> 1714.36 | X49: =W49+I49 -> 1715.23 | Y49: 6#跌水2.2m
C50: =Sheet1!C52 -> 1363 | D50: =E50*1.25 -> 3.75 | E50: 3 | F50: =ROUND(D50/R50,2) -> 1.97 | G50: =ROUND(E50/P50,2) -> 1.88 | H50: 1.12 | I50: 0.87 | J50: 0.014 | K50: =Sheet1!K51 -> 0.002 | L50: ="1/"&ROUND(1/K50,0) -> 1/500 | M50: 1.7 | N50: 0 | O50: =ROUND(M50+2*N50*I50,2) -> 1.7 | P50: 1.6 | Q50: =ROUND(M50+N50*2*H50,2) -> 1.7 | R50: =ROUND((M50+Q50)*H50/2,2) -> 1.9 | S50: =T50-H50 -> 0.48 | T50: 1.6 | U50: =M50+T50*N50 -> 1.7 | V50: =Sheet1!E52 -> 1714 | W50: =Sheet1!G52 -> 1712.16 | X50: =W50+I50 -> 1713.03
C51: =Sheet1!C53 -> 1400 | D51: =E51*1.25 -> 3.75 | E51: 3 | F51: =ROUND(D51/R51,2) -> 1.97 | G51: =ROUND(E51/P51,2) -> 1.88 | H51: 1.12 | I51: 0.87 | J51: 0.014 | K51: =Sheet1!K52 -> 0.002 | L51: ="1/"&ROUND(1/K51,0) -> 1/500 | M51: 1.7 | N51: 0 | O51: =ROUND(M51+2*N51*I51,2) -> 1.7 | P51: 1.6 | Q51: =ROUND(M51+N51*2*H51,2) -> 1.7 | R51: =ROUND((M51+Q51)*H51/2,2) -> 1.9 | S51: =T51-H51 -> 0.48 | T51: 1.6 | U51: =M51+T51*N51 -> 1.7 | V51: =Sheet1!E53 -> 1713.61 | W51: =Sheet1!G53 -> 1712.08 | X51: =W51+I51 -> 1712.95
C52: =Sheet1!C54 -> 1450 | D52: =E52*1.25 -> 3.75 | E52: 3 | F52: =ROUND(D52/R52,2) -> 1.97 | G52: =ROUND(E52/P52,2) -> 1.88 | H52: 1.12 | I52: 0.87 | J52: 0.014 | K52: =Sheet1!K53 -> 0.002 | L52: ="1/"&ROUND(1/K52,0) -> 1/500 | M52: 1.7 | N52: 0 | O52: =ROUND(M52+2*N52*I52,2) -> 1.7 | P52: 1.6 | Q52: =ROUND(M52+N52*2*H52,2) -> 1.7 | R52: =ROUND((M52+Q52)*H52/2,2) -> 1.9 | S52: =T52-H52 -> 0.48 | T52: 1.6 | U52: =M52+T52*N52 -> 1.7 | V52: =Sheet1!E54 -> 1712.89 | W52: =Sheet1!G54 -> 1711.98 | X52: =W52+I52 -> 1712.85
C53: =Sheet1!C55 -> 1500 | D53: =E53*1.25 -> 3.75 | E53: 3 | F53: =ROUND(D53/R53,2) -> 1.97 | G53: =ROUND(E53/P53,2) -> 1.88 | H53: 1.12 | I53: 0.87 | J53: 0.014 | K53: =Sheet1!K54 -> 0.002 | L53: ="1/"&ROUND(1/K53,0) -> 1/500 | M53: 1.7 | N53: 0 | O53: =ROUND(M53+2*N53*I53,2) -> 1.7 | P53: 1.6 | Q53: =ROUND(M53+N53*2*H53,2) -> 1.7 | R53: =ROUND((M53+Q53)*H53/2,2) -> 1.9 | S53: =T53-H53 -> 0.48 | T53: 1.6 | U53: =M53+T53*N53 -> 1.7 | V53: =Sheet1!E55 -> 1712.33 | W53: =Sheet1!G55 -> 1711.88 | X53: =W53+I53 -> 1712.75
C54: =Sheet1!C56 -> 1510 | D54: =E54*1.25 -> 3.75 | E54: 3 | F54: =ROUND(D54/R54,2) -> 1.97 | G54: =ROUND(E54/P54,2) -> 1.88 | H54: 1.12 | I54: 0.87 | J54: 0.014 | K54: =Sheet1!K55 -> 0.002 | L54: ="1/"&ROUND(1/K54,0) -> 1/500 | M54: 1.7 | N54: 0 | O54: =ROUND(M54+2*N54*I54,2) -> 1.7 | P54: 1.6 | Q54: =ROUND(M54+N54*2*H54,2) -> 1.7 | R54: =ROUND((M54+Q54)*H54/2,2) -> 1.9 | S54: =T54-H54 -> 0.48 | T54: 1.6 | U54: =M54+T54*N54 -> 1.7 | V54: =Sheet1!E56 -> 1712.29 | W54: =Sheet1!G56 -> 1711.86 | X54: =W54+I54 -> 1712.73
C55: =Sheet1!C57 -> 1600 | D55: =E55*1.25 -> 3.75 | E55: 3 | F55: =ROUND(D55/R55,2) -> 1.97 | G55: =ROUND(E55/P55,2) -> 1.88 | H55: 1.12 | I55: 0.87 | J55: 0.014 | K55: =Sheet1!K56 -> 0.002 | L55: ="1/"&ROUND(1/K55,0) -> 1/500 | M55: 1.7 | N55: 0 | O55: =ROUND(M55+2*N55*I55,2) -> 1.7 | P55: 1.6 | Q55: =ROUND(M55+N55*2*H55,2) -> 1.7 | R55: =ROUND((M55+Q55)*H55/2,2) -> 1.9 | S55: =T55-H55 -> 0.48 | T55: 1.6 | U55: =M55+T55*N55 -> 1.7 | V55: =Sheet1!E57 -> 1712.14 | W55: =Sheet1!G57 -> 1711.68 | X55: =W55+I55 -> 1712.55
C56: =Sheet1!C58 -> 1620 | D56: =E56*1.25 -> 3.75 | E56: 3 | F56: =ROUND(D56/R56,2) -> 1.97 | G56: =ROUND(E56/P56,2) -> 1.88 | H56: 1.12 | I56: 0.87 | J56: 0.014 | K56: =Sheet1!K57 -> 0.002 | L56: ="1/"&ROUND(1/K56,0) -> 1/500 | M56: 1.7 | N56: 0 | O56: =ROUND(M56+2*N56*I56,2) -> 1.7 | P56: 1.6 | Q56: =ROUND(M56+N56*2*H56,2) -> 1.7 | R56: =ROUND((M56+Q56)*H56/2,2) -> 1.9 | S56: =T56-H56 -> 0.48 | T56: 1.6 | U56: =M56+T56*N56 -> 1.7 | V56: =Sheet1!E58 -> 1711.62 | W56: =Sheet1!G58 -> 1711.64 | X56: =W56+I56 -> 1712.51
B57: 7#跌水2.2m | C57: =Sheet1!C59 -> 1630 | D57: =E57*1.25 -> 3.75 | E57: 3 | F57: =ROUND(D57/R57,2) -> 1.97 | G57: =ROUND(E57/P57,2) -> 1.88 | H57: 1.12 | I57: 0.87 | J57: 0.014 | K57: =Sheet1!K58 -> 0.002 | L57: ="1/"&ROUND(1/K57,0) -> 1/500 | M57: 1.7 | N57: 0 | O57: =ROUND(M57+2*N57*I57,2) -> 1.7 | P57: 1.6 | Q57: =ROUND(M57+N57*2*H57,2) -> 1.7 | R57: =ROUND((M57+Q57)*H57/2,2) -> 1.9 | S57: =T57-H57 -> 0.48 | T57: 1.6 | U57: =M57+T57*N57 -> 1.7 | V57: =Sheet1!E59 -> 1711.28 | W57: =Sheet1!G59 -> 1711.62 | X57: =W57+I57 -> 1712.49 | Y57: 7#跌水2.2m
C58: =Sheet1!C60 -> 1633 | D58: =E58*1.25 -> 3.75 | E58: 3 | F58: =ROUND(D58/R58,2) -> 1.97 | G58: =ROUND(E58/P58,2) -> 1.88 | H58: 1.12 | I58: 0.87 | J58: 0.014 | K58: =Sheet1!K59 -> 0.002 | L58: ="1/"&ROUND(1/K58,0) -> 1/500 | M58: 1.7 | N58: 0 | O58: =ROUND(M58+2*N58*I58,2) -> 1.7 | P58: 1.6 | Q58: =ROUND(M58+N58*2*H58,2) -> 1.7 | R58: =ROUND((M58+Q58)*H58/2,2) -> 1.9 | S58: =T58-H58 -> 0.48 | T58: 1.6 | U58: =M58+T58*N58 -> 1.7 | V58: =Sheet1!E60 -> 1711.28 | W58: =Sheet1!G60 -> 1709.42 | X58: =W58+I58 -> 1710.29
C59: =Sheet1!C61 -> 1650 | D59: =E59*1.25 -> 3.75 | E59: 3 | F59: =ROUND(D59/R59,2) -> 1.97 | G59: =ROUND(E59/P59,2) -> 1.88 | H59: 1.12 | I59: 0.87 | J59: 0.014 | K59: =Sheet1!K60 -> 0.002 | L59: ="1/"&ROUND(1/K59,0) -> 1/500 | M59: 1.7 | N59: 0 | O59: =ROUND(M59+2*N59*I59,2) -> 1.7 | P59: 1.6 | Q59: =ROUND(M59+N59*2*H59,2) -> 1.7 | R59: =ROUND((M59+Q59)*H59/2,2) -> 1.9 | S59: =T59-H59 -> 0.48 | T59: 1.6 | U59: =M59+T59*N59 -> 1.7 | V59: =Sheet1!E61 -> 1710.69 | W59: =Sheet1!G61 -> 1709.38 | X59: =W59+I59 -> 1710.25
C60: =Sheet1!C62 -> 1700 | D60: =E60*1.25 -> 3.75 | E60: 3 | F60: =ROUND(D60/R60,2) -> 1.97 | G60: =ROUND(E60/P60,2) -> 1.88 | H60: 1.12 | I60: 0.87 | J60: 0.014 | K60: =Sheet1!K61 -> 0.002 | L60: ="1/"&ROUND(1/K60,0) -> 1/500 | M60: 1.7 | N60: 0 | O60: =ROUND(M60+2*N60*I60,2) -> 1.7 | P60: 1.6 | Q60: =ROUND(M60+N60*2*H60,2) -> 1.7 | R60: =ROUND((M60+Q60)*H60/2,2) -> 1.9 | S60: =T60-H60 -> 0.48 | T60: 1.6 | U60: =M60+T60*N60 -> 1.7 | V60: =Sheet1!E62 -> 1710.01 | W60: =Sheet1!G62 -> 1709.28 | X60: =W60+I60 -> 1710.15
C61: =Sheet1!C63 -> 1800 | D61: =E61*1.25 -> 3.75 | E61: 3 | F61: =ROUND(D61/R61,2) -> 1.97 | G61: =ROUND(E61/P61,2) -> 1.88 | H61: 1.12 | I61: 0.87 | J61: 0.014 | K61: =Sheet1!K62 -> 0.002 | L61: ="1/"&ROUND(1/K61,0) -> 1/500 | M61: 1.7 | N61: 0 | O61: =ROUND(M61+2*N61*I61,2) -> 1.7 | P61: 1.6 | Q61: =ROUND(M61+N61*2*H61,2) -> 1.7 | R61: =ROUND((M61+Q61)*H61/2,2) -> 1.9 | S61: =T61-H61 -> 0.48 | T61: 1.6 | U61: =M61+T61*N61 -> 1.7 | V61: =Sheet1!E63 -> 1709.22 | W61: =Sheet1!G63 -> 1709.08 | X61: =W61+I61 -> 1709.95
B62: 8#跌水2.2m | C62: =Sheet1!C64 -> 1850 | D62: =E62*1.25 -> 3.75 | E62: 3 | F62: =ROUND(D62/R62,2) -> 1.97 | G62: =ROUND(E62/P62,2) -> 1.88 | H62: 1.12 | I62: 0.87 | J62: 0.014 | K62: =Sheet1!K63 -> 0.002 | L62: ="1/"&ROUND(1/K62,0) -> 1/500 | M62: 1.7 | N62: 0 | O62: =ROUND(M62+2*N62*I62,2) -> 1.7 | P62: 1.6 | Q62: =ROUND(M62+N62*2*H62,2) -> 1.7 | R62: =ROUND((M62+Q62)*H62/2,2) -> 1.9 | S62: =T62-H62 -> 0.48 | T62: 1.6 | U62: =M62+T62*N62 -> 1.7 | V62: =Sheet1!E64 -> 1708.66 | W62: =Sheet1!G64 -> 1708.98 | X62: =W62+I62 -> 1709.85 | Y62: 8#跌水2.2m
C63: =Sheet1!C65 -> 1853 | D63: =E63*1.25 -> 3.75 | E63: 3 | F63: =ROUND(D63/R63,2) -> 1.97 | G63: =ROUND(E63/P63,2) -> 1.88 | H63: 1.12 | I63: 0.87 | J63: 0.014 | K63: =Sheet1!K64 -> 0.002 | L63: ="1/"&ROUND(1/K63,0) -> 1/500 | M63: 1.7 | N63: 0 | O63: =ROUND(M63+2*N63*I63,2) -> 1.7 | P63: 1.6 | Q63: =ROUND(M63+N63*2*H63,2) -> 1.7 | R63: =ROUND((M63+Q63)*H63/2,2) -> 1.9 | S63: =T63-H63 -> 0.48 | T63: 1.6 | U63: =M63+T63*N63 -> 1.7 | V63: =Sheet1!E65 -> 1708.66 | W63: =Sheet1!G65 -> 1706.78 | X63: =W63+I63 -> 1707.65
C64: =Sheet1!C66 -> 1900 | D64: =E64*1.25 -> 3.75 | E64: 3 | F64: =ROUND(D64/R64,2) -> 1.97 | G64: =ROUND(E64/P64,2) -> 1.88 | H64: 1.12 | I64: 0.87 | J64: 0.014 | K64: =Sheet1!K65 -> 0.002 | L64: ="1/"&ROUND(1/K64,0) -> 1/500 | M64: 1.7 | N64: 0 | O64: =ROUND(M64+2*N64*I64,2) -> 1.7 | P64: 1.6 | Q64: =ROUND(M64+N64*2*H64,2) -> 1.7 | R64: =ROUND((M64+Q64)*H64/2,2) -> 1.9 | S64: =T64-H64 -> 0.48 | T64: 1.6 | U64: =M64+T64*N64 -> 1.7 | V64: =Sheet1!E66 -> 1708.09 | W64: =Sheet1!G66 -> 1706.68 | X64: =W64+I64 -> 1707.55
C65: =Sheet1!C67 -> 1950 | D65: =E65*1.25 -> 3.75 | E65: 3 | F65: =ROUND(D65/R65,2) -> 1.97 | G65: =ROUND(E65/P65,2) -> 1.88 | H65: 1.12 | I65: 0.87 | J65: 0.014 | K65: =Sheet1!K66 -> 0.002 | L65: ="1/"&ROUND(1/K65,0) -> 1/500 | M65: 1.7 | N65: 0 | O65: =ROUND(M65+2*N65*I65,2) -> 1.7 | P65: 1.6 | Q65: =ROUND(M65+N65*2*H65,2) -> 1.7 | R65: =ROUND((M65+Q65)*H65/2,2) -> 1.9 | S65: =T65-H65 -> 0.48 | T65: 1.6 | U65: =M65+T65*N65 -> 1.7 | V65: =Sheet1!E67 -> 1708.21 | W65: =Sheet1!G67 -> 1706.58 | X65: =W65+I65 -> 1707.45
C66: =Sheet1!C68 -> 2000 | D66: =E66*1.25 -> 3.75 | E66: 3 | F66: =ROUND(D66/R66,2) -> 1.97 | G66: =ROUND(E66/P66,2) -> 1.88 | H66: 1.12 | I66: 0.87 | J66: 0.014 | K66: =Sheet1!K67 -> 0.002 | L66: ="1/"&ROUND(1/K66,0) -> 1/500 | M66: 1.7 | N66: 0 | O66: =ROUND(M66+2*N66*I66,2) -> 1.7 | P66: 1.6 | Q66: =ROUND(M66+N66*2*H66,2) -> 1.7 | R66: =ROUND((M66+Q66)*H66/2,2) -> 1.9 | S66: =T66-H66 -> 0.48 | T66: 1.6 | U66: =M66+T66*N66 -> 1.7 | V66: =Sheet1!E68 -> 1707.91 | W66: =Sheet1!G68 -> 1706.48 | X66: =W66+I66 -> 1707.35
C67: =Sheet1!C69 -> 2050 | D67: =E67*1.25 -> 3.75 | E67: 3 | F67: =ROUND(D67/R67,2) -> 1.97 | G67: =ROUND(E67/P67,2) -> 1.88 | H67: 1.12 | I67: 0.87 | J67: 0.014 | K67: =Sheet1!K68 -> 0.002 | L67: ="1/"&ROUND(1/K67,0) -> 1/500 | M67: 1.7 | N67: 0 | O67: =ROUND(M67+2*N67*I67,2) -> 1.7 | P67: 1.6 | Q67: =ROUND(M67+N67*2*H67,2) -> 1.7 | R67: =ROUND((M67+Q67)*H67/2,2) -> 1.9 | S67: =T67-H67 -> 0.48 | T67: 1.6 | U67: =M67+T67*N67 -> 1.7 | V67: =Sheet1!E69 -> 1707.08 | W67: =Sheet1!G69 -> 1706.38 | X67: =W67+I67 -> 1707.25
C68: =Sheet1!C70 -> 2100 | D68: =E68*1.25 -> 3.75 | E68: 3 | F68: =ROUND(D68/R68,2) -> 1.97 | G68: =ROUND(E68/P68,2) -> 1.88 | H68: 1.12 | I68: 0.87 | J68: 0.014 | K68: =Sheet1!K69 -> 0.002 | L68: ="1/"&ROUND(1/K68,0) -> 1/500 | M68: 1.7 | N68: 0 | O68: =ROUND(M68+2*N68*I68,2) -> 1.7 | P68: 1.6 | Q68: =ROUND(M68+N68*2*H68,2) -> 1.7 | R68: =ROUND((M68+Q68)*H68/2,2) -> 1.9 | S68: =T68-H68 -> 0.48 | T68: 1.6 | U68: =M68+T68*N68 -> 1.7 | V68: =Sheet1!E70 -> 1706.34 | W68: =Sheet1!G70 -> 1706.28 | X68: =W68+I68 -> 1707.15
B69: 9#跌水2.2m | C69: =Sheet1!C71 -> 2120 | D69: =E69*1.25 -> 3.75 | E69: 3 | F69: =ROUND(D69/R69,2) -> 1.97 | G69: =ROUND(E69/P69,2) -> 1.88 | H69: 1.12 | I69: 0.87 | J69: 0.014 | K69: =Sheet1!K70 -> 0.002 | L69: ="1/"&ROUND(1/K69,0) -> 1/500 | M69: 1.7 | N69: 0 | O69: =ROUND(M69+2*N69*I69,2) -> 1.7 | P69: 1.6 | Q69: =ROUND(M69+N69*2*H69,2) -> 1.7 | R69: =ROUND((M69+Q69)*H69/2,2) -> 1.9 | S69: =T69-H69 -> 0.48 | T69: 1.6 | U69: =M69+T69*N69 -> 1.7 | V69: =Sheet1!E71 -> 1705.95 | W69: =Sheet1!G71 -> 1706.24 | X69: =W69+I69 -> 1707.11 | Y69: 9#跌水2.2m
C70: =Sheet1!C72 -> 2123 | D70: =E70*1.25 -> 3.75 | E70: 3 | F70: =ROUND(D70/R70,2) -> 1.97 | G70: =ROUND(E70/P70,2) -> 1.88 | H70: 1.12 | I70: 0.87 | J70: 0.014 | K70: =Sheet1!K71 -> 0.002 | L70: ="1/"&ROUND(1/K70,0) -> 1/500 | M70: 1.7 | N70: 0 | O70: =ROUND(M70+2*N70*I70,2) -> 1.7 | P70: 1.6 | Q70: =ROUND(M70+N70*2*H70,2) -> 1.7 | R70: =ROUND((M70+Q70)*H70/2,2) -> 1.9 | S70: =T70-H70 -> 0.48 | T70: 1.6 | U70: =M70+T70*N70 -> 1.7 | V70: =Sheet1!E72 -> 1705.95 | W70: =Sheet1!G72 -> 1704.04 | X70: =W70+I70 -> 1704.91
C71: =Sheet1!C73 -> 2150 | D71: =E71*1.25 -> 3.75 | E71: 3 | F71: =ROUND(D71/R71,2) -> 1.97 | G71: =ROUND(E71/P71,2) -> 1.88 | H71: 1.12 | I71: 0.87 | J71: 0.014 | K71: =Sheet1!K72 -> 0.002 | L71: ="1/"&ROUND(1/K71,0) -> 1/500 | M71: 1.7 | N71: 0 | O71: =ROUND(M71+2*N71*I71,2) -> 1.7 | P71: 1.6 | Q71: =ROUND(M71+N71*2*H71,2) -> 1.7 | R71: =ROUND((M71+Q71)*H71/2,2) -> 1.9 | S71: =T71-H71 -> 0.48 | T71: 1.6 | U71: =M71+T71*N71 -> 1.7 | V71: =Sheet1!E73 -> 1705.46 | W71: =Sheet1!G73 -> 1703.98 | X71: =W71+I71 -> 1704.85
C72: =Sheet1!C74 -> 2200 | D72: =E72*1.25 -> 3.75 | E72: 3 | F72: =ROUND(D72/R72,2) -> 1.97 | G72: =ROUND(E72/P72,2) -> 1.88 | H72: 1.12 | I72: 0.87 | J72: 0.014 | K72: =Sheet1!K73 -> 0.002 | L72: ="1/"&ROUND(1/K72,0) -> 1/500 | M72: 1.7 | N72: 0 | O72: =ROUND(M72+2*N72*I72,2) -> 1.7 | P72: 1.6 | Q72: =ROUND(M72+N72*2*H72,2) -> 1.7 | R72: =ROUND((M72+Q72)*H72/2,2) -> 1.9 | S72: =T72-H72 -> 0.48 | T72: 1.6 | U72: =M72+T72*N72 -> 1.7 | V72: =Sheet1!E74 -> 1704.87 | W72: =Sheet1!G74 -> 1703.88 | X72: =W72+I72 -> 1704.75
C73: =Sheet1!C75 -> 2250 | D73: =E73*1.25 -> 3.75 | E73: 3 | F73: =ROUND(D73/R73,2) -> 1.97 | G73: =ROUND(E73/P73,2) -> 1.88 | H73: 1.12 | I73: 0.87 | J73: 0.014 | K73: =Sheet1!K74 -> 0.002 | L73: ="1/"&ROUND(1/K73,0) -> 1/500 | M73: 1.7 | N73: 0 | O73: =ROUND(M73+2*N73*I73,2) -> 1.7 | P73: 1.6 | Q73: =ROUND(M73+N73*2*H73,2) -> 1.7 | R73: =ROUND((M73+Q73)*H73/2,2) -> 1.9 | S73: =T73-H73 -> 0.48 | T73: 1.6 | U73: =M73+T73*N73 -> 1.7 | V73: =Sheet1!E75 -> 1704.17 | W73: =Sheet1!G75 -> 1703.78 | X73: =W73+I73 -> 1704.65
C74: =Sheet1!C76 -> 2300 | D74: =E74*1.25 -> 3.75 | E74: 3 | F74: =ROUND(D74/R74,2) -> 1.97 | G74: =ROUND(E74/P74,2) -> 1.88 | H74: 1.12 | I74: 0.87 | J74: 0.014 | K74: =Sheet1!K75 -> 0.002 | L74: ="1/"&ROUND(1/K74,0) -> 1/500 | M74: 1.7 | N74: 0 | O74: =ROUND(M74+2*N74*I74,2) -> 1.7 | P74: 1.6 | Q74: =ROUND(M74+N74*2*H74,2) -> 1.7 | R74: =ROUND((M74+Q74)*H74/2,2) -> 1.9 | S74: =T74-H74 -> 0.48 | T74: 1.6 | U74: =M74+T74*N74 -> 1.7 | V74: =Sheet1!E76 -> 1703.5 | W74: =Sheet1!G76 -> 1703.68 | X74: =W74+I74 -> 1704.55
C75: =Sheet1!C77 -> 2310 | D75: =E75*1.25 -> 3.75 | E75: 3 | F75: =ROUND(D75/R75,2) -> 1.97 | G75: =ROUND(E75/P75,2) -> 1.88 | H75: 1.12 | I75: 0.87 | J75: 0.014 | K75: =Sheet1!K76 -> 0.002 | L75: ="1/"&ROUND(1/K75,0) -> 1/500 | M75: 1.7 | N75: 0 | O75: =ROUND(M75+2*N75*I75,2) -> 1.7 | P75: 1.6 | Q75: =ROUND(M75+N75*2*H75,2) -> 1.7 | R75: =ROUND((M75+Q75)*H75/2,2) -> 1.9 | S75: =T75-H75 -> 0.48 | T75: 1.6 | U75: =M75+T75*N75 -> 1.7 | V75: =Sheet1!E77 -> 1703.65 | W75: =Sheet1!G77 -> 1703.66 | X75: =W75+I75 -> 1704.53
C76: =Sheet1!C78 -> 2320 | D76: =E76*1.25 -> 3.75 | E76: 3 | F76: =ROUND(D76/R76,2) -> 1.97 | G76: =ROUND(E76/P76,2) -> 1.88 | H76: 1.12 | I76: 0.87 | J76: 0.014 | K76: =Sheet1!K77 -> 0.002 | L76: ="1/"&ROUND(1/K76,0) -> 1/500 | M76: 1.7 | N76: 0 | O76: =ROUND(M76+2*N76*I76,2) -> 1.7 | P76: 1.6 | Q76: =ROUND(M76+N76*2*H76,2) -> 1.7 | R76: =ROUND((M76+Q76)*H76/2,2) -> 1.9 | S76: =T76-H76 -> 0.48 | T76: 1.6 | U76: =M76+T76*N76 -> 1.7 | V76: =Sheet1!E78 -> 1703.52 | W76: =Sheet1!G78 -> 1703.64 | X76: =W76+I76 -> 1704.51
C77: =Sheet1!C79 -> 2330 | D77: =E77*1.25 -> 3.75 | E77: 3 | F77: =ROUND(D77/R77,2) -> 1.97 | G77: =ROUND(E77/P77,2) -> 1.88 | H77: 1.12 | I77: 0.87 | J77: 0.014 | K77: =Sheet1!K78 -> 0.002 | L77: ="1/"&ROUND(1/K77,0) -> 1/500 | M77: 1.7 | N77: 0 | O77: =ROUND(M77+2*N77*I77,2) -> 1.7 | P77: 1.6 | Q77: =ROUND(M77+N77*2*H77,2) -> 1.7 | R77: =ROUND((M77+Q77)*H77/2,2) -> 1.9 | S77: =T77-H77 -> 0.48 | T77: 1.6 | U77: =M77+T77*N77 -> 1.7 | V77: =Sheet1!E79 -> 1703.39 | W77: =Sheet1!G79 -> 1703.62 | X77: =W77+I77 -> 1704.49
B78: 10#跌水2.2m | C78: =Sheet1!C80 -> 2340 | D78: =E78*1.25 -> 3.75 | E78: 3 | F78: =ROUND(D78/R78,2) -> 1.97 | G78: =ROUND(E78/P78,2) -> 1.88 | H78: 1.12 | I78: 0.87 | J78: 0.014 | K78: =Sheet1!K79 -> 0.002 | L78: ="1/"&ROUND(1/K78,0) -> 1/500 | M78: 1.7 | N78: 0 | O78: =ROUND(M78+2*N78*I78,2) -> 1.7 | P78: 1.6 | Q78: =ROUND(M78+N78*2*H78,2) -> 1.7 | R78: =ROUND((M78+Q78)*H78/2,2) -> 1.9 | S78: =T78-H78 -> 0.48 | T78: 1.6 | U78: =M78+T78*N78 -> 1.7 | V78: =Sheet1!E80 -> 1703.25 | W78: =Sheet1!G80 -> 1703.6 | X78: =W78+I78 -> 1704.47 | Y78: 10#跌水2.2m
C79: =Sheet1!C81 -> 2343 | D79: =E79*1.25 -> 3.75 | E79: 3 | F79: =ROUND(D79/R79,2) -> 1.97 | G79: =ROUND(E79/P79,2) -> 1.88 | H79: 1.12 | I79: 0.87 | J79: 0.014 | K79: =Sheet1!K80 -> 0.002 | L79: ="1/"&ROUND(1/K79,0) -> 1/500 | M79: 1.7 | N79: 0 | O79: =ROUND(M79+2*N79*I79,2) -> 1.7 | P79: 1.6 | Q79: =ROUND(M79+N79*2*H79,2) -> 1.7 | R79: =ROUND((M79+Q79)*H79/2,2) -> 1.9 | S79: =T79-H79 -> 0.48 | T79: 1.6 | U79: =M79+T79*N79 -> 1.7 | V79: =Sheet1!E81 -> 1703.25 | W79: =Sheet1!G81 -> 1701.4 | X79: =W79+I79 -> 1702.27
C80: =Sheet1!C82 -> 2350 | D80: =E80*1.25 -> 3.75 | E80: 3 | F80: =ROUND(D80/R80,2) -> 1.97 | G80: =ROUND(E80/P80,2) -> 1.88 | H80: 1.12 | I80: 0.87 | J80: 0.014 | K80: =Sheet1!K81 -> 0.002 | L80: ="1/"&ROUND(1/K80,0) -> 1/500 | M80: 1.7 | N80: 0 | O80: =ROUND(M80+2*N80*I80,2) -> 1.7 | P80: 1.6 | Q80: =ROUND(M80+N80*2*H80,2) -> 1.7 | R80: =ROUND((M80+Q80)*H80/2,2) -> 1.9 | S80: =T80-H80 -> 0.48 | T80: 1.6 | U80: =M80+T80*N80 -> 1.7 | V80: =Sheet1!E82 -> 1703.14 | W80: =Sheet1!G82 -> 1701.38 | X80: =W80+I80 -> 1702.25
C81: =Sheet1!C83 -> 2400 | D81: =E81*1.25 -> 3.75 | E81: 3 | F81: =ROUND(D81/R81,2) -> 1.97 | G81: =ROUND(E81/P81,2) -> 1.88 | H81: 1.12 | I81: 0.87 | J81: 0.014 | K81: =Sheet1!K82 -> 0.002 | L81: ="1/"&ROUND(1/K81,0) -> 1/500 | M81: 1.7 | N81: 0 | O81: =ROUND(M81+2*N81*I81,2) -> 1.7 | P81: 1.6 | Q81: =ROUND(M81+N81*2*H81,2) -> 1.7 | R81: =ROUND((M81+Q81)*H81/2,2) -> 1.9 | S81: =T81-H81 -> 0.48 | T81: 1.6 | U81: =M81+T81*N81 -> 1.7 | V81: =Sheet1!E83 -> 1702.41 | W81: =Sheet1!G83 -> 1701.28 | X81: =W81+I81 -> 1702.15
C82: =Sheet1!C84 -> 2450 | D82: =E82*1.25 -> 3.75 | E82: 3 | F82: =ROUND(D82/R82,2) -> 1.97 | G82: =ROUND(E82/P82,2) -> 1.88 | H82: 1.12 | I82: 0.87 | J82: 0.014 | K82: =Sheet1!K83 -> 0.002 | L82: ="1/"&ROUND(1/K82,0) -> 1/500 | M82: 1.7 | N82: 0 | O82: =ROUND(M82+2*N82*I82,2) -> 1.7 | P82: 1.6 | Q82: =ROUND(M82+N82*2*H82,2) -> 1.7 | R82: =ROUND((M82+Q82)*H82/2,2) -> 1.9 | S82: =T82-H82 -> 0.48 | T82: 1.6 | U82: =M82+T82*N82 -> 1.7 | V82: =Sheet1!E84 -> 1701.73 | W82: =Sheet1!G84 -> 1701.18 | X82: =W82+I82 -> 1702.05
C83: =Sheet1!C85 -> 2500 | D83: =E83*1.25 -> 3.75 | E83: 3 | F83: =ROUND(D83/R83,2) -> 1.97 | G83: =ROUND(E83/P83,2) -> 1.88 | H83: 1.12 | I83: 0.87 | J83: 0.014 | K83: =Sheet1!K84 -> 0.002 | L83: ="1/"&ROUND(1/K83,0) -> 1/500 | M83: 1.7 | N83: 0 | O83: =ROUND(M83+2*N83*I83,2) -> 1.7 | P83: 1.6 | Q83: =ROUND(M83+N83*2*H83,2) -> 1.7 | R83: =ROUND((M83+Q83)*H83/2,2) -> 1.9 | S83: =T83-H83 -> 0.48 | T83: 1.6 | U83: =M83+T83*N83 -> 1.7 | V83: =Sheet1!E85 -> 1701.32 | W83: =Sheet1!G85 -> 1701.08 | X83: =W83+I83 -> 1701.95
C84: =Sheet1!C86 -> 2550 | D84: =E84*1.25 -> 3.75 | E84: 3 | F84: =ROUND(D84/R84,2) -> 1.97 | G84: =ROUND(E84/P84,2) -> 1.88 | H84: 1.12 | I84: 0.87 | J84: 0.014 | K84: =Sheet1!K85 -> 0.002 | L84: ="1/"&ROUND(1/K84,0) -> 1/500 | M84: 1.7 | N84: 0 | O84: =ROUND(M84+2*N84*I84,2) -> 1.7 | P84: 1.6 | Q84: =ROUND(M84+N84*2*H84,2) -> 1.7 | R84: =ROUND((M84+Q84)*H84/2,2) -> 1.9 | S84: =T84-H84 -> 0.48 | T84: 1.6 | U84: =M84+T84*N84 -> 1.7 | V84: =Sheet1!E86 -> 1700.85 | W84: =Sheet1!G86 -> 1700.98 | X84: =W84+I84 -> 1701.85
B85: 11#跌水2.2m | C85: =Sheet1!C87 -> 2560 | D85: =E85*1.25 -> 3.75 | E85: 3 | F85: =ROUND(D85/R85,2) -> 1.97 | G85: =ROUND(E85/P85,2) -> 1.88 | H85: 1.12 | I85: 0.87 | J85: 0.014 | K85: =Sheet1!K86 -> 0.002 | L85: ="1/"&ROUND(1/K85,0) -> 1/500 | M85: 1.7 | N85: 0 | O85: =ROUND(M85+2*N85*I85,2) -> 1.7 | P85: 1.6 | Q85: =ROUND(M85+N85*2*H85,2) -> 1.7 | R85: =ROUND((M85+Q85)*H85/2,2) -> 1.9 | S85: =T85-H85 -> 0.48 | T85: 1.6 | U85: =M85+T85*N85 -> 1.7 | V85: =Sheet1!E87 -> 1700.65 | W85: =Sheet1!G87 -> 1700.96 | X85: =W85+I85 -> 1701.83 | Y85: 11#跌水2.2m
C86: =Sheet1!C88 -> 2563 | D86: =E86*1.25 -> 3.75 | E86: 3 | F86: =ROUND(D86/R86,2) -> 1.97 | G86: =ROUND(E86/P86,2) -> 1.88 | H86: 1.12 | I86: 0.87 | J86: 0.014 | K86: =Sheet1!K87 -> 0.002 | L86: ="1/"&ROUND(1/K86,0) -> 1/500 | M86: 1.7 | N86: 0 | O86: =ROUND(M86+2*N86*I86,2) -> 1.7 | P86: 1.6 | Q86: =ROUND(M86+N86*2*H86,2) -> 1.7 | R86: =ROUND((M86+Q86)*H86/2,2) -> 1.9 | S86: =T86-H86 -> 0.48 | T86: 1.6 | U86: =M86+T86*N86 -> 1.7 | V86: =Sheet1!E88 -> 1700.65 | W86: =Sheet1!G88 -> 1698.76 | X86: =W86+I86 -> 1699.63
C87: =Sheet1!C89 -> 2600 | D87: =E87*1.25 -> 3.75 | E87: 3 | F87: =ROUND(D87/R87,2) -> 1.97 | G87: =ROUND(E87/P87,2) -> 1.88 | H87: 1.12 | I87: 0.87 | J87: 0.014 | K87: =Sheet1!K88 -> 0.002 | L87: ="1/"&ROUND(1/K87,0) -> 1/500 | M87: 1.7 | N87: 0 | O87: =ROUND(M87+2*N87*I87,2) -> 1.7 | P87: 1.6 | Q87: =ROUND(M87+N87*2*H87,2) -> 1.7 | R87: =ROUND((M87+Q87)*H87/2,2) -> 1.9 | S87: =T87-H87 -> 0.48 | T87: 1.6 | U87: =M87+T87*N87 -> 1.7 | V87: =Sheet1!E89 -> 1700.37 | W87: =Sheet1!G89 -> 1698.68 | X87: =W87+I87 -> 1699.55
C88: =Sheet1!C90 -> 2650 | D88: =E88*1.25 -> 3.75 | E88: 3 | F88: =ROUND(D88/R88,2) -> 1.97 | G88: =ROUND(E88/P88,2) -> 1.88 | H88: 1.12 | I88: 0.87 | J88: 0.014 | K88: =Sheet1!K89 -> 0.002 | L88: ="1/"&ROUND(1/K88,0) -> 1/500 | M88: 1.7 | N88: 0 | O88: =ROUND(M88+2*N88*I88,2) -> 1.7 | P88: 1.6 | Q88: =ROUND(M88+N88*2*H88,2) -> 1.7 | R88: =ROUND((M88+Q88)*H88/2,2) -> 1.9 | S88: =T88-H88 -> 0.48 | T88: 1.6 | U88: =M88+T88*N88 -> 1.7 | V88: =Sheet1!E90 -> 1700.01 | W88: =Sheet1!G90 -> 1698.58 | X88: =W88+I88 -> 1699.45
C89: =Sheet1!C91 -> 2700 | D89: =E89*1.25 -> 3.75 | E89: 3 | F89: =ROUND(D89/R89,2) -> 1.97 | G89: =ROUND(E89/P89,2) -> 1.88 | H89: 1.12 | I89: 0.87 | J89: 0.014 | K89: =Sheet1!K90 -> 0.002 | L89: ="1/"&ROUND(1/K89,0) -> 1/500 | M89: 1.7 | N89: 0 | O89: =ROUND(M89+2*N89*I89,2) -> 1.7 | P89: 1.6 | Q89: =ROUND(M89+N89*2*H89,2) -> 1.7 | R89: =ROUND((M89+Q89)*H89/2,2) -> 1.9 | S89: =T89-H89 -> 0.48 | T89: 1.6 | U89: =M89+T89*N89 -> 1.7 | V89: =Sheet1!E91 -> 1699.8 | W89: =Sheet1!G91 -> 1698.48 | X89: =W89+I89 -> 1699.35
C90: =Sheet1!C92 -> 2750 | D90: =E90*1.25 -> 3.75 | E90: 3 | F90: =ROUND(D90/R90,2) -> 1.97 | G90: =ROUND(E90/P90,2) -> 1.88 | H90: 1.12 | I90: 0.87 | J90: 0.014 | K90: =Sheet1!K91 -> 0.002 | L90: ="1/"&ROUND(1/K90,0) -> 1/500 | M90: 1.7 | N90: 0 | O90: =ROUND(M90+2*N90*I90,2) -> 1.7 | P90: 1.6 | Q90: =ROUND(M90+N90*2*H90,2) -> 1.7 | R90: =ROUND((M90+Q90)*H90/2,2) -> 1.9 | S90: =T90-H90 -> 0.48 | T90: 1.6 | U90: =M90+T90*N90 -> 1.7 | V90: =Sheet1!E92 -> 1699.18 | W90: =Sheet1!G92 -> 1698.38 | X90: =W90+I90 -> 1699.25
C91: =Sheet1!C93 -> 2800 | D91: =E91*1.25 -> 3.75 | E91: 3 | F91: =ROUND(D91/R91,2) -> 1.97 | G91: =ROUND(E91/P91,2) -> 1.88 | H91: 1.12 | I91: 0.87 | J91: 0.014 | K91: =Sheet1!K92 -> 0.002 | L91: ="1/"&ROUND(1/K91,0) -> 1/500 | M91: 1.7 | N91: 0 | O91: =ROUND(M91+2*N91*I91,2) -> 1.7 | P91: 1.6 | Q91: =ROUND(M91+N91*2*H91,2) -> 1.7 | R91: =ROUND((M91+Q91)*H91/2,2) -> 1.9 | S91: =T91-H91 -> 0.48 | T91: 1.6 | U91: =M91+T91*N91 -> 1.7 | V91: =Sheet1!E93 -> 1698.74 | W91: =Sheet1!G93 -> 1698.28 | X91: =W91+I91 -> 1699.15
C92: =Sheet1!C94 -> 2810 | D92: =E92*1.25 -> 3.75 | E92: 3 | F92: =ROUND(D92/R92,2) -> 1.97 | G92: =ROUND(E92/P92,2) -> 1.88 | H92: 1.12 | I92: 0.87 | J92: 0.014 | K92: =Sheet1!K93 -> 0.002 | L92: ="1/"&ROUND(1/K92,0) -> 1/500 | M92: 1.7 | N92: 0 | O92: =ROUND(M92+2*N92*I92,2) -> 1.7 | P92: 1.6 | Q92: =ROUND(M92+N92*2*H92,2) -> 1.7 | R92: =ROUND((M92+Q92)*H92/2,2) -> 1.9 | S92: =T92-H92 -> 0.48 | T92: 1.6 | U92: =M92+T92*N92 -> 1.7 | V92: =Sheet1!E94 -> 1698.24 | W92: =Sheet1!G94 -> 1698.26 | X92: =W92+I92 -> 1699.13
C93: =Sheet1!C95 -> 2817 | D93: =E93*1.25 -> 3.75 | E93: 3 | F93: =ROUND(D93/R93,2) -> 1.97 | G93: =ROUND(E93/P93,2) -> 1.88 | H93: 1.12 | I93: 0.87 | J93: 0.014 | K93: =Sheet1!K94 -> 0.002 | L93: ="1/"&ROUND(1/K93,0) -> 1/500 | M93: 1.7 | N93: 0 | O93: =ROUND(M93+2*N93*I93,2) -> 1.7 | P93: 1.6 | Q93: =ROUND(M93+N93*2*H93,2) -> 1.7 | R93: =ROUND((M93+Q93)*H93/2,2) -> 1.9 | S93: =T93-H93 -> 0.48 | T93: 1.6 | U93: =M93+T93*N93 -> 1.7 | V93: =Sheet1!E95 -> 1698 | W93: =Sheet1!G95 -> 1698.25 | X93: =W93+I93 -> 1699.12
B94: 12#跌水2.2m | C94: =Sheet1!C96 -> 2820 | D94: =E94*1.25 -> 3.75 | E94: 3 | F94: =ROUND(D94/R94,2) -> 1.97 | G94: =ROUND(E94/P94,2) -> 1.88 | H94: 1.12 | I94: 0.87 | J94: 0.014 | K94: =Sheet1!K95 -> 0.002 | L94: ="1/"&ROUND(1/K94,0) -> 1/500 | M94: 1.7 | N94: 0 | O94: =ROUND(M94+2*N94*I94,2) -> 1.7 | P94: 1.6 | Q94: =ROUND(M94+N94*2*H94,2) -> 1.7 | R94: =ROUND((M94+Q94)*H94/2,2) -> 1.9 | S94: =T94-H94 -> 0.48 | T94: 1.6 | U94: =M94+T94*N94 -> 1.7 | V94: =Sheet1!E96 -> 1697.92 | W94: =Sheet1!G96 -> 1698.24 | X94: =W94+I94 -> 1699.11 | Y94: 12#跌水2.2m
C95: =Sheet1!C97 -> 2823 | D95: =E95*1.25 -> 3.75 | E95: 3 | F95: =ROUND(D95/R95,2) -> 1.97 | G95: =ROUND(E95/P95,2) -> 1.88 | H95: 1.12 | I95: 0.87 | J95: 0.014 | K95: =Sheet1!K96 -> 0.002 | L95: ="1/"&ROUND(1/K95,0) -> 1/500 | M95: 1.7 | N95: 0 | O95: =ROUND(M95+2*N95*I95,2) -> 1.7 | P95: 1.6 | Q95: =ROUND(M95+N95*2*H95,2) -> 1.7 | R95: =ROUND((M95+Q95)*H95/2,2) -> 1.9 | S95: =T95-H95 -> 0.48 | T95: 1.6 | U95: =M95+T95*N95 -> 1.7 | V95: =Sheet1!E97 -> 1697.92 | W95: =Sheet1!G97 -> 1696.04 | X95: =W95+I95 -> 1696.91
C96: =Sheet1!C98 -> 2850 | D96: =E96*1.25 -> 3.75 | E96: 3 | F96: =ROUND(D96/R96,2) -> 1.97 | G96: =ROUND(E96/P96,2) -> 1.88 | H96: 1.12 | I96: 0.87 | J96: 0.014 | K96: =Sheet1!K97 -> 0.002 | L96: ="1/"&ROUND(1/K96,0) -> 1/500 | M96: 1.7 | N96: 0 | O96: =ROUND(M96+2*N96*I96,2) -> 1.7 | P96: 1.6 | Q96: =ROUND(M96+N96*2*H96,2) -> 1.7 | R96: =ROUND((M96+Q96)*H96/2,2) -> 1.9 | S96: =T96-H96 -> 0.48 | T96: 1.6 | U96: =M96+T96*N96 -> 1.7 | V96: =Sheet1!E98 -> 1697.58 | W96: =Sheet1!G98 -> 1695.98 | X96: =W96+I96 -> 1696.85
C97: =Sheet1!C99 -> 2900 | D97: =E97*1.25 -> 3.75 | E97: 3 | F97: =ROUND(D97/R97,2) -> 1.97 | G97: =ROUND(E97/P97,2) -> 1.88 | H97: 1.12 | I97: 0.87 | J97: 0.014 | K97: =Sheet1!K98 -> 0.002 | L97: ="1/"&ROUND(1/K97,0) -> 1/500 | M97: 1.7 | N97: 0 | O97: =ROUND(M97+2*N97*I97,2) -> 1.7 | P97: 1.6 | Q97: =ROUND(M97+N97*2*H97,2) -> 1.7 | R97: =ROUND((M97+Q97)*H97/2,2) -> 1.9 | S97: =T97-H97 -> 0.48 | T97: 1.6 | U97: =M97+T97*N97 -> 1.7 | V97: =Sheet1!E99 -> 1697.22 | W97: =Sheet1!G99 -> 1695.88 | X97: =W97+I97 -> 1696.75
C98: =Sheet1!C100 -> 2950 | D98: =E98*1.25 -> 3.75 | E98: 3 | F98: =ROUND(D98/R98,2) -> 1.97 | G98: =ROUND(E98/P98,2) -> 1.88 | H98: 1.12 | I98: 0.87 | J98: 0.014 | K98: =Sheet1!K99 -> 0.002 | L98: ="1/"&ROUND(1/K98,0) -> 1/500 | M98: 1.7 | N98: 0 | O98: =ROUND(M98+2*N98*I98,2) -> 1.7 | P98: 1.6 | Q98: =ROUND(M98+N98*2*H98,2) -> 1.7 | R98: =ROUND((M98+Q98)*H98/2,2) -> 1.9 | S98: =T98-H98 -> 0.48 | T98: 1.6 | U98: =M98+T98*N98 -> 1.7 | V98: =Sheet1!E100 -> 1696.85 | W98: =Sheet1!G100 -> 1695.78 | X98: =W98+I98 -> 1696.65
C99: =Sheet1!C101 -> 3000 | D99: =E99*1.25 -> 3.75 | E99: 3 | F99: =ROUND(D99/R99,2) -> 1.97 | G99: =ROUND(E99/P99,2) -> 1.88 | H99: 1.12 | I99: 0.87 | J99: 0.014 | K99: =Sheet1!K100 -> 0.002 | L99: ="1/"&ROUND(1/K99,0) -> 1/500 | M99: 1.7 | N99: 0 | O99: =ROUND(M99+2*N99*I99,2) -> 1.7 | P99: 1.6 | Q99: =ROUND(M99+N99*2*H99,2) -> 1.7 | R99: =ROUND((M99+Q99)*H99/2,2) -> 1.9 | S99: =T99-H99 -> 0.48 | T99: 1.6 | U99: =M99+T99*N99 -> 1.7 | V99: =Sheet1!E101 -> 1696.49 | W99: =Sheet1!G101 -> 1695.68 | X99: =W99+I99 -> 1696.55
C100: =Sheet1!C102 -> 3050 | D100: =E100*1.25 -> 3.75 | E100: 3 | F100: =ROUND(D100/R100,2) -> 1.97 | G100: =ROUND(E100/P100,2) -> 1.88 | H100: 1.12 | I100: 0.87 | J100: 0.014 | K100: =Sheet1!K101 -> 0.002 | L100: ="1/"&ROUND(1/K100,0) -> 1/500 | M100: 1.7 | N100: 0 | O100: =ROUND(M100+2*N100*I100,2) -> 1.7 | P100: 1.6 | Q100: =ROUND(M100+N100*2*H100,2) -> 1.7 | R100: =ROUND((M100+Q100)*H100/2,2) -> 1.9 | S100: =T100-H100 -> 0.48 | T100: 1.6 | U100: =M100+T100*N100 -> 1.7 | V100: =Sheet1!E102 -> 1696.15 | W100: =Sheet1!G102 -> 1695.58 | X100: =W100+I100 -> 1696.45
...

Sheet 支渠
G1: 灌水率 | H1: 利用系数 | M1: 流量
H2: 田间 | I2: 农渠 | J2: 斗渠 | K2: 支渠
A3: 1-1支渠 | B3: 5871 | C3: 6803 | D3: =C3-B3 -> 932 | E3: 13100 | F3: 13103 | G3: 0.217 | H3: 0.87 | I3: 0.88 | J3: 0.87 | K3: 0.91 | L3: =ROUND(H3*I3*J3*K3,2) -> 0.61 | M3: =ROUND(E3*G3/L3/10000,2) -> 0.47 | N3: =ROUND(M3*1.3,2) -> 0.61 | O3: - | P3: U80 | S3: =0.217*6/0.56 -> 2.325
A4: 1-2支渠 | B4: 6197 | C4: 7224 | D4: =C4-B4 -> 1027 | E4: 19420 | F4: 19415 | G4: =G3 -> 0.217 | L4: =L3 -> 0.61 | M4: =ROUND(E4*G4/L4/10000,2) -> 0.69 | N4: =ROUND(M4*1.3,2) -> 0.9 | O4: 0-3700 | P4: U100 | Q4: 3700- | R4: U80
A5: 1-3支渠 | B5: 4400 | C5: 4900 | D5: =C5-B5 -> 500 | E5: 10930 | F5: 10932 | G5: =G4 -> 0.217 | L5: =L4 -> 0.61 | M5: =ROUND(E5*G5/L5/10000,2) -> 0.39 | N5: =ROUND(M5*1.3,2) -> 0.51 | O5: 0-3300 | P5: U80 | Q5: 3300- | R5: U60
A6: 1-4支渠 | B6: 5310 | E6: 9210 | F6: 9208 | G6: =G5 -> 0.217 | L6: =L5 -> 0.61 | M6: =ROUND(E6*G6/L6/10000,2) -> 0.33 | N6: =ROUND(M6*1.3,2) -> 0.43 | O6: 0-3200 | P6: U60 | Q6: 3200- | R6: U60
A7: 1-5支渠 | B7: 2545 | E7: 3850 | F7: 1219 | G7: =G6 -> 0.217 | L7: =L6 -> 0.61 | M7: =ROUND(E7*G7/L7/10000,2) -> 0.14 | N7: =ROUND(M7*1.3,2) -> 0.18 | O7: 0- | P7: U60
A8: 2-1支渠 | E8: 13090 | F8: 13089 | G8: =G7 -> 0.217 | L8: =L7 -> 0.61 | M8: =ROUND(E8*G8/L8/10000,2) -> 0.47 | N8: =ROUND(M8*1.3,2) -> 0.61 | O8: 0-2610 | P8: U80 | Q8: 2610- | R8: U60
A9: 2-2支渠 | E9: 5940 | F9: 5939 | G9: =G8 -> 0.217 | L9: =L8 -> 0.61 | M9: =ROUND(E9*G9/L9/10000,2) -> 0.21 | N9: =ROUND(M9*1.3,2) -> 0.27 | P9: U60
A10: 2-3支渠 | E10: 4860 | F10: 4853 | G10: =G9 -> 0.217 | L10: =L9 -> 0.61 | M10: =ROUND(E10*G10/L10/10000,2) -> 0.17 | N10: =ROUND(M10*1.3,2) -> 0.22 | P10: U60
A11: 2-4支渠 | E11: 4760 | F11: 4759 | G11: =G10 -> 0.217 | L11: =L10 -> 0.61 | M11: =ROUND(E11*G11/L11/10000,2) -> 0.17 | N11: =ROUND(M11*1.3,2) -> 0.22 | P11: U60
A12: 2-5支渠 | E12: 4330 | F12: 4322 | G12: =G11 -> 0.217 | L12: =L11 -> 0.61 | M12: =ROUND(E12*G12/L12/10000,2) -> 0.15 | N12: =ROUND(M12*1.3,2) -> 0.2 | P12: U60
A13: 2-6支渠 | E13: 4340 | F13: 4336 | G13: =G12 -> 0.217 | L13: =L12 -> 0.61 | M13: =ROUND(E13*G13/L13/10000,2) -> 0.15 | N13: =ROUND(M13*1.3,2) -> 0.2 | P13: U60
A14: 2-7支渠 | E14: 7000 | F14: 6993 | G14: =G13 -> 0.217 | L14: =L13 -> 0.61 | M14: =ROUND(E14*G14/L14/10000,2) -> 0.25 | N14: =ROUND(M14*1.3,2) -> 0.33 | P14: U60
N21: =0.2/1.25 -> 0.16
N24: U100
N25: A1
N26: =3.14*I29^2*(152/360) -> 0.33144444
A28: Q | E28: n | G28: i | H28: 左边 | I28: b | J28: m | L28: h | M28: 右边 | N28: A | O28: X
A29: 0.36 | E29: 0.014 | G29: 0.001 | H29: =ROUND(A29*E29/G29^0.5,3) -> 0.159 | I29: 0.5 | L29: 0.6 | M29: =N31/O31 -> #DIV/0! | N29: =0.5*3.14*I29*I29+2*I29*(L29-I29) -> 0.4925
N30: A5/3 | O30: X2/3
N31: =N29^(5/3) -> 0.30714519 | O31: =O29^(2/3) -> 0
A34: 序号 | B34: 名称 | C34: 位置 | E34: 长度（m） | F34: 设计流量（m3/s）
A35: 1 | B35: 1-1支渠 | C35: 干渠 | D35: =干渠!C191 -> 6600 | E35: ='1-1支渠'!K76 -> 6803 | F35: =M3 -> 0.47
A36: 2 | B36: 1-2支渠 | D36: =干渠!C228 -> 8300 | E36: ='1-2支渠'!K77 -> 7224 | F36: =M4 -> 0.69
A37: 3 | B37: 1-3支渠 | D37: =干渠!C277 -> 10750 | E37: ='1-3支渠'!K54 -> 4900 | F37: =M5 -> 0.39
A38: 4 | B38: 1-4支渠 | D38: =干渠!C299 -> 11850 | E38: ='1-4支渠'!K60 -> 5310 | F38: =M6 -> 0.33
A39: 5 | B39: 1-5支渠 | D39: =干渠!C328 -> 13283 | E39: ='1-5支渠'!K31 -> 2545 | F39: =M7 -> 0.14
A40: 6 | B40: 2-1支渠 | C40: 达乎甫干渠 | E40: ='2-支渠'!B55 -> 4150 | F40: =M8 -> 0.47
A41: 7 | B41: 2-2支渠 | E41: ='2-支渠'!B115 -> 4800 | F41: =M9 -> 0.21
A42: 8 | B42: 2-3支渠 | E42: ='2-支渠'!B174 -> 4400 | F42: =M10 -> 0.17
A43: 9 | B43: 2-4支渠 | E43: ='2-支渠'!B230 -> 4000 | F43: =M11 -> 0.17
A44: 10 | B44: 2-5支渠 | E44: ='2-支渠'!B282 -> 3550 | F44: =M12 -> 0.15
A45: 11 | B45: 2-6支渠 | E45: ='2-支渠'!B330 -> 3400 | F45: =M13 -> 0.15
A46: 12 | B46: 2-7支渠 | E46: ='2-支渠'!B386 -> 5020 | F46: =M14 -> 0.25
A47: 合计 | E47: =SUM(E35:E46) -> 56102

Sheet 1-1支渠
J1: 备注 | K1: 桩号 | L1: 流量 | N1: 流速 | P1: 水深 | R1: 糙率 | S1: 比降 | U1: 规格 | X1: 超高 | Y1: 渠深 | Z1: 地面高程 | AA1: 渠底高程 | AB1: 设计水位 | AC1: 备注
L2: Q大 | M2: Q设 | N2: V大 | O2: V设 | P2: H大 | Q2: H设 | R2: n | S2: i | U2: b | V2: A设 | W2: A大 | X2: Fb | Y2: h
B3: 桩号m | D3: 地面线 | F3: 渠底 | K3: km+m | L3: m3/s | M3: m3/s | N3: m/s | O3: m/s | P3: m | Q3: m | U3: m | X3: m | Y3: m | Z3: m | AA3: m | AB3: m
B4: K0+000 | C4: 0 | D4: 1669.81 | E4: =ROUND(D4,2) -> 1669.81 | F4: 1669.61 | K4: =C4 -> 0 | L4: =ROUND(M4*1.3,2) -> 0.61 | M4: =支渠!M3 -> 0.47
C5: 10 | D5: 1669.76 | E5: =ROUND(D5,2) -> 1669.76 | F5: =E5-1 -> 1668.76 | G5: =E5-F5 -> 1 | H5: 0.004 | K5: =C5 -> 10 | L5: =ROUND(M5*1.3,2) -> 0.61 | M5: =M4 -> 0.47 | N5: =ROUND(L5/W5,2) -> 1.65 | O5: =ROUND(M5/V5,2) -> 1.57 | P5: 0.54 | Q5: 0.46 | R5: 0.015 | S5: =H5 -> 0.004 | T5: ="1/"&ROUND(1/S5,0) -> 1/250 | U5: U80 | V5: 0.3 | W5: 0.37 | X5: =Y5-P5 -> 0.26 | Y5: 0.8 | Z5: =E5 -> 1669.76 | AA5: =F5 -> 1668.76 | AB5: =AA5+Q5 -> 1669.22 | AD5: =Z5-AA5 -> 1 | AE5: =P5*0.25+0.2 -> 0.335 | AF5: =0.54*0.25+0.2 -> 0.335
B6: K0+100 | C6: 100 | D6: 1669.203 | E6: =ROUND(D6,2) -> 1669.2 | F6: =ROUND(F5-(C6-C5)*H5,2) -> 1668.4 | G6: =E6-F6 -> 0.8 | H6: 0.004 | J6: 1-1-1斗渠 | K6: =C6 -> 100 | L6: =ROUND(M6*1.3,2) -> 0.61 | M6: =M5 -> 0.47 | N6: =ROUND(L6/W6,2) -> 1.65 | O6: =ROUND(M6/V6,2) -> 1.57 | P6: =P5 -> 0.54 | Q6: =Q5 -> 0.46 | R6: 0.015 | S6: =H6 -> 0.004 | T6: ="1/"&ROUND(1/S6,0) -> 1/250 | U6: =U5 -> U80 | V6: =V5 -> 0.3 | W6: =W5 -> 0.37 | X6: =Y6-P6 -> 0.26 | Y6: =Y5 -> 0.8 | Z6: =E6 -> 1669.2 | AA6: =F6 -> 1668.4 | AB6: =AA6+Q6 -> 1668.86 | AD6: =Z6-AA6 -> 0.8
B7: K0+200 | C7: 200 | D7: 1668.311 | E7: =ROUND(D7,2) -> 1668.31 | F7: =ROUND(F6-(C7-C6)*H6,2) -> 1668 | G7: =E7-F7 -> 0.31 | H7: 0.004 | K7: =C7 -> 200 | L7: =ROUND(M7*1.3,2) -> 0.61 | M7: =M6 -> 0.47 | N7: =ROUND(L7/W7,2) -> 1.65 | O7: =ROUND(M7/V7,2) -> 1.57 | P7: =P6 -> 0.54 | Q7: =Q6 -> 0.46 | R7: 0.015 | S7: =H7 -> 0.004 | T7: ="1/"&ROUND(1/S7,0) -> 1/250 | U7: =U6 -> U80 | V7: =V6 -> 0.3 | W7: =W6 -> 0.37 | X7: =Y7-P7 -> 0.26 | Y7: =Y6 -> 0.8 | Z7: =E7 -> 1668.31 | AA7: =F7 -> 1668 | AB7: =AA7+Q7 -> 1668.46 | AD7: =Z7-AA7 -> 0.31
B8: K0+300 | C8: 300 | D8: 1667.83 | E8: =ROUND(D8,2) -> 1667.83 | F8: =ROUND(F7-(C8-C7)*H7,2) -> 1667.6 | G8: =E8-F8 -> 0.23 | H8: 0.004 | K8: =C8 -> 300 | L8: =ROUND(M8*1.3,2) -> 0.61 | M8: =M7 -> 0.47 | N8: =ROUND(L8/W8,2) -> 1.65 | O8: =ROUND(M8/V8,2) -> 1.57 | P8: =P7 -> 0.54 | Q8: =Q7 -> 0.46 | R8: 0.015 | S8: =H8 -> 0.004 | T8: ="1/"&ROUND(1/S8,0) -> 1/250 | U8: =U7 -> U80 | V8: =V7 -> 0.3 | W8: =W7 -> 0.37 | X8: =Y8-P8 -> 0.26 | Y8: =Y7 -> 0.8 | Z8: =E8 -> 1667.83 | AA8: =F8 -> 1667.6 | AB8: =AA8+Q8 -> 1668.06 | AD8: =Z8-AA8 -> 0.23
B9: K0+400 | C9: 400 | D9: 1667.487 | E9: =ROUND(D9,2) -> 1667.49 | F9: =ROUND(F8-(C9-C8)*H8,2) -> 1667.2 | G9: =E9-F9 -> 0.29 | H9: 0.004 | K9: =C9 -> 400 | L9: =ROUND(M9*1.3,2) -> 0.61 | M9: =M8 -> 0.47 | N9: =ROUND(L9/W9,2) -> 1.65 | O9: =ROUND(M9/V9,2) -> 1.57 | P9: =P8 -> 0.54 | Q9: =Q8 -> 0.46 | R9: 0.015 | S9: =H9 -> 0.004 | T9: ="1/"&ROUND(1/S9,0) -> 1/250 | U9: =U8 -> U80 | V9: =V8 -> 0.3 | W9: =W8 -> 0.37 | X9: =Y9-P9 -> 0.26 | Y9: =Y8 -> 0.8 | Z9: =E9 -> 1667.49 | AA9: =F9 -> 1667.2 | AB9: =AA9+Q9 -> 1667.66 | AD9: =Z9-AA9 -> 0.29
B10: K0+500 | C10: 500 | D10: 1667.021 | E10: =ROUND(D10,2) -> 1667.02 | F10: =ROUND(F9-(C10-C9)*H9,2) -> 1666.8 | G10: =E10-F10 -> 0.22 | H10: 0.004 | K10: =C10 -> 500 | L10: =ROUND(M10*1.3,2) -> 0.61 | M10: =M9 -> 0.47 | N10: =ROUND(L10/W10,2) -> 1.65 | O10: =ROUND(M10/V10,2) -> 1.57 | P10: =P9 -> 0.54 | Q10: =Q9 -> 0.46 | R10: 0.015 | S10: =H10 -> 0.004 | T10: ="1/"&ROUND(1/S10,0) -> 1/250 | U10: =U9 -> U80 | V10: =V9 -> 0.3 | W10: =W9 -> 0.37 | X10: =Y10-P10 -> 0.26 | Y10: =Y9 -> 0.8 | Z10: =E10 -> 1667.02 | AA10: =F10 -> 1666.8 | AB10: =AA10+Q10 -> 1667.26 | AD10: =Z10-AA10 -> 0.22
B11: K0+600 | C11: 600 | D11: 1666.76 | E11: =ROUND(D11,2) -> 1666.76 | F11: =ROUND(F10-(C11-C10)*H10,2) -> 1666.4 | G11: =E11-F11 -> 0.36 | H11: 0.004 | K11: =C11 -> 600 | L11: =ROUND(M11*1.3,2) -> 0.61 | M11: =M10 -> 0.47 | N11: =ROUND(L11/W11,2) -> 1.65 | O11: =ROUND(M11/V11,2) -> 1.57 | P11: =P10 -> 0.54 | Q11: =Q10 -> 0.46 | R11: 0.015 | S11: =H11 -> 0.004 | T11: ="1/"&ROUND(1/S11,0) -> 1/250 | U11: =U10 -> U80 | V11: =V10 -> 0.3 | W11: =W10 -> 0.37 | X11: =Y11-P11 -> 0.26 | Y11: =Y10 -> 0.8 | Z11: =E11 -> 1666.76 | AA11: =F11 -> 1666.4 | AB11: =AA11+Q11 -> 1666.86 | AD11: =Z11-AA11 -> 0.36
B12: K0+700 | C12: 700 | D12: 1666.211 | E12: =ROUND(D12,2) -> 1666.21 | F12: =ROUND(F11-(C12-C11)*H11,2) -> 1666 | G12: =E12-F12 -> 0.21 | H12: 0.004 | K12: =C12 -> 700 | L12: =ROUND(M12*1.3,2) -> 0.61 | M12: =M11 -> 0.47 | N12: =ROUND(L12/W12,2) -> 1.65 | O12: =ROUND(M12/V12,2) -> 1.57 | P12: =P11 -> 0.54 | Q12: =Q11 -> 0.46 | R12: 0.015 | S12: =H12 -> 0.004 | T12: ="1/"&ROUND(1/S12,0) -> 1/250 | U12: =U11 -> U80 | V12: =V11 -> 0.3 | W12: =W11 -> 0.37 | X12: =Y12-P12 -> 0.26 | Y12: =Y11 -> 0.8 | Z12: =E12 -> 1666.21 | AA12: =F12 -> 1666 | AB12: =AA12+Q12 -> 1666.46 | AD12: =Z12-AA12 -> 0.21
B13: K0+800 | C13: 800 | D13: 1665.776 | E13: =ROUND(D13,2) -> 1665.78 | F13: =ROUND(F12-(C13-C12)*H12,2) -> 1665.6 | G13: =E13-F13 -> 0.18 | H13: 0.004 | K13: =C13 -> 800 | L13: =ROUND(M13*1.3,2) -> 0.61 | M13: =M12 -> 0.47 | N13: =ROUND(L13/W13,2) -> 1.65 | O13: =ROUND(M13/V13,2) -> 1.57 | P13: =P12 -> 0.54 | Q13: =Q12 -> 0.46 | R13: 0.015 | S13: =H13 -> 0.004 | T13: ="1/"&ROUND(1/S13,0) -> 1/250 | U13: =U12 -> U80 | V13: =V12 -> 0.3 | W13: =W12 -> 0.37 | X13: =Y13-P13 -> 0.26 | Y13: =Y12 -> 0.8 | Z13: =E13 -> 1665.78 | AA13: =F13 -> 1665.6 | AB13: =AA13+Q13 -> 1666.06 | AD13: =Z13-AA13 -> 0.18
B14: K0+900 | C14: 900 | D14: 1665.5 | E14: =ROUND(D14,2) -> 1665.5 | F14: =ROUND(F13-(C14-C13)*H13,2) -> 1665.2 | G14: =E14-F14 -> 0.3 | H14: 0.004 | K14: =C14 -> 900 | L14: =ROUND(M14*1.3,2) -> 0.61 | M14: =M13 -> 0.47 | N14: =ROUND(L14/W14,2) -> 1.65 | O14: =ROUND(M14/V14,2) -> 1.57 | P14: =P13 -> 0.54 | Q14: =Q13 -> 0.46 | R14: 0.015 | S14: =H14 -> 0.004 | T14: ="1/"&ROUND(1/S14,0) -> 1/250 | U14: =U13 -> U80 | V14: =V13 -> 0.3 | W14: =W13 -> 0.37 | X14: =Y14-P14 -> 0.26 | Y14: =Y13 -> 0.8 | Z14: =E14 -> 1665.5 | AA14: =F14 -> 1665.2 | AB14: =AA14+Q14 -> 1665.66 | AD14: =Z14-AA14 -> 0.3
B15: K1+000 | C15: 1000 | D15: 1665.064 | E15: =ROUND(D15,2) -> 1665.06 | F15: =ROUND(F14-(C15-C14)*H14,2) -> 1664.8 | G15: =E15-F15 -> 0.26 | H15: 0.004 | K15: =C15 -> 1000 | L15: =ROUND(M15*1.3,2) -> 0.61 | M15: =M14 -> 0.47 | N15: =ROUND(L15/W15,2) -> 1.65 | O15: =ROUND(M15/V15,2) -> 1.57 | P15: =P14 -> 0.54 | Q15: =Q14 -> 0.46 | R15: 0.015 | S15: =H15 -> 0.004 | T15: ="1/"&ROUND(1/S15,0) -> 1/250 | U15: =U14 -> U80 | V15: =V14 -> 0.3 | W15: =W14 -> 0.37 | X15: =Y15-P15 -> 0.26 | Y15: =Y14 -> 0.8 | Z15: =E15 -> 1665.06 | AA15: =F15 -> 1664.8 | AB15: =AA15+Q15 -> 1665.26 | AD15: =Z15-AA15 -> 0.26
B16: K1+100 | C16: 1100 | D16: 1664.563 | E16: =ROUND(D16,2) -> 1664.56 | F16: =ROUND(F15-(C16-C15)*H15,2) -> 1664.4 | G16: =E16-F16 -> 0.16 | H16: 0.004 | K16: =C16 -> 1100 | L16: =ROUND(M16*1.3,2) -> 0.61 | M16: =M15 -> 0.47 | N16: =ROUND(L16/W16,2) -> 1.65 | O16: =ROUND(M16/V16,2) -> 1.57 | P16: =P15 -> 0.54 | Q16: =Q15 -> 0.46 | R16: 0.015 | S16: =H16 -> 0.004 | T16: ="1/"&ROUND(1/S16,0) -> 1/250 | U16: =U15 -> U80 | V16: =V15 -> 0.3 | W16: =W15 -> 0.37 | X16: =Y16-P16 -> 0.26 | Y16: =Y15 -> 0.8 | Z16: =E16 -> 1664.56 | AA16: =F16 -> 1664.4 | AB16: =AA16+Q16 -> 1664.86 | AD16: =Z16-AA16 -> 0.16
C17: 1152 | E17: 1665.5 | F17: =ROUND(F16-(C17-C16)*H16,2) -> 1664.19 | G17: =E17-F17 -> 1.31 | H17: 0.004 | J17: 穿路箱涵 | K17: =C17 -> 1152 | L17: =ROUND(M17*1.3,2) -> 0.61 | M17: =M16 -> 0.47 | N17: =ROUND(L17/W17,2) -> 1.65 | O17: =ROUND(M17/V17,2) -> 1.57 | P17: =P16 -> 0.54 | Q17: =Q16 -> 0.46 | R17: 0.015 | S17: =H17 -> 0.004 | T17: ="1/"&ROUND(1/S17,0) -> 1/250 | U17: =U16 -> U80 | V17: =V16 -> 0.3 | W17: =W16 -> 0.37 | X17: =Y17-P17 -> 0.26 | Y17: =Y16 -> 0.8 | Z17: =E17 -> 1665.5 | AA17: =F17 -> 1664.19 | AB17: =AA17+Q17 -> 1664.65 | AD17: =Z17-AA17 -> 1.31
C18: 1162 | E18: =E17 -> 1665.5 | F18: =F17 -> 1664.19 | G18: =E18-F18 -> 1.31 | H18: 0.004 | K18: =C18 -> 1162 | L18: =ROUND(M18*1.3,2) -> 0.61 | M18: =M17 -> 0.47 | N18: =ROUND(L18/W18,2) -> 1.65 | O18: =ROUND(M18/V18,2) -> 1.57 | P18: =P17 -> 0.54 | Q18: =Q17 -> 0.46 | R18: 0.015 | S18: =H18 -> 0.004 | T18: ="1/"&ROUND(1/S18,0) -> 1/250 | U18: =U17 -> U80 | V18: =V17 -> 0.3 | W18: =W17 -> 0.37 | X18: =Y18-P18 -> 0.26 | Y18: =Y17 -> 0.8 | Z18: =E18 -> 1665.5 | AA18: =F18 -> 1664.19 | AB18: =AA18+Q18 -> 1664.65 | AD18: =Z18-AA18 -> 1.31
B19: K1+200 | C19: 1200 | D19: 1664.38 | E19: =ROUND(D19,2) -> 1664.38 | F19: =ROUND(F18-(C19-C18)*H18,2) -> 1664.04 | G19: =E19-F19 -> 0.34 | H19: 0.004 | J19: 1-1-2斗渠 | K19: =C19 -> 1200 | L19: =ROUND(M19*1.3,2) -> 0.61 | M19: =M18 -> 0.47 | N19: =ROUND(L19/W19,2) -> 1.65 | O19: =ROUND(M19/V19,2) -> 1.57 | P19: =P18 -> 0.54 | Q19: =Q18 -> 0.46 | R19: 0.015 | S19: =H19 -> 0.004 | T19: ="1/"&ROUND(1/S19,0) -> 1/250 | U19: =U18 -> U80 | V19: =V18 -> 0.3 | W19: =W18 -> 0.37 | X19: =Y19-P19 -> 0.26 | Y19: =Y18 -> 0.8 | Z19: =E19 -> 1664.38 | AA19: =F19 -> 1664.04 | AB19: =AA19+Q19 -> 1664.5 | AD19: =Z19-AA19 -> 0.34
B20: K1+300 | C20: 1300 | D20: 1664.086 | E20: =ROUND(D20,2) -> 1664.09 | F20: =ROUND(F19-(C20-C19)*H19,2) -> 1663.64 | G20: =E20-F20 -> 0.45 | H20: 0.004 | K20: =C20 -> 1300 | L20: =ROUND(M20*1.3,2) -> 0.61 | M20: =M19 -> 0.47 | N20: =ROUND(L20/W20,2) -> 1.65 | O20: =ROUND(M20/V20,2) -> 1.57 | P20: =P19 -> 0.54 | Q20: =Q19 -> 0.46 | R20: 0.015 | S20: =H20 -> 0.004 | T20: ="1/"&ROUND(1/S20,0) -> 1/250 | U20: =U19 -> U80 | V20: =V19 -> 0.3 | W20: =W19 -> 0.37 | X20: =Y20-P20 -> 0.26 | Y20: =Y19 -> 0.8 | Z20: =E20 -> 1664.09 | AA20: =F20 -> 1663.64 | AB20: =AA20+Q20 -> 1664.1 | AD20: =Z20-AA20 -> 0.45
B21: K1+400 | C21: 1400 | D21: 1663.567 | E21: =ROUND(D21,2) -> 1663.57 | F21: =ROUND(F20-(C21-C20)*H20,2) -> 1663.24 | G21: =E21-F21 -> 0.33 | H21: 0.004 | K21: =C21 -> 1400 | L21: =ROUND(M21*1.3,2) -> 0.61 | M21: =M20 -> 0.47 | N21: =ROUND(L21/W21,2) -> 1.65 | O21: =ROUND(M21/V21,2) -> 1.57 | P21: =P20 -> 0.54 | Q21: =Q20 -> 0.46 | R21: 0.015 | S21: =H21 -> 0.004 | T21: ="1/"&ROUND(1/S21,0) -> 1/250 | U21: =U20 -> U80 | V21: =V20 -> 0.3 | W21: =W20 -> 0.37 | X21: =Y21-P21 -> 0.26 | Y21: =Y20 -> 0.8 | Z21: =E21 -> 1663.57 | AA21: =F21 -> 1663.24 | AB21: =AA21+Q21 -> 1663.7 | AD21: =Z21-AA21 -> 0.33
B22: K1+500 | C22: 1500 | D22: 1663.093 | E22: =ROUND(D22,2) -> 1663.09 | F22: =ROUND(F21-(C22-C21)*0.0046,2) -> 1662.78 | G22: =E22-F22 -> 0.31 | H22: 0.004 | K22: =C22 -> 1500 | L22: =ROUND(M22*1.3,2) -> 0.61 | M22: =M21 -> 0.47 | N22: =ROUND(L22/W22,2) -> 1.65 | O22: =ROUND(M22/V22,2) -> 1.57 | P22: =P21 -> 0.54 | Q22: =Q21 -> 0.46 | R22: 0.015 | S22: =H22 -> 0.004 | T22: ="1/"&ROUND(1/S22,0) -> 1/250 | U22: =U21 -> U80 | V22: =V21 -> 0.3 | W22: =W21 -> 0.37 | X22: =Y22-P22 -> 0.26 | Y22: =Y21 -> 0.8 | Z22: =E22 -> 1663.09 | AA22: =F22 -> 1662.78 | AB22: =AA22+Q22 -> 1663.24 | AD22: =Z22-AA22 -> 0.31
B23: K1+600 | C23: 1600 | D23: 1662.406 | E23: =ROUND(D23,2) -> 1662.41 | F23: =ROUND(F22-(C23-C22)*0.0046,2) -> 1662.32 | G23: =E23-F23 -> 0.09 | H23: 0.004 | K23: =C23 -> 1600 | L23: =ROUND(M23*1.3,2) -> 0.61 | M23: =M22 -> 0.47 | N23: =ROUND(L23/W23,2) -> 1.65 | O23: =ROUND(M23/V23,2) -> 1.57 | P23: =P22 -> 0.54 | Q23: =Q22 -> 0.46 | R23: 0.015 | S23: =H23 -> 0.004 | T23: ="1/"&ROUND(1/S23,0) -> 1/250 | U23: =U22 -> U80 | V23: =V22 -> 0.3 | W23: =W22 -> 0.37 | X23: =Y23-P23 -> 0.26 | Y23: =Y22 -> 0.8 | Z23: =E23 -> 1662.41 | AA23: =F23 -> 1662.32 | AB23: =AA23+Q23 -> 1662.78 | AD23: =Z23-AA23 -> 0.09
B24: K1+700 | C24: 1700 | D24: 1662.157 | E24: =ROUND(D24,2) -> 1662.16 | F24: =ROUND(F23-(C24-C23)*0.0046,2) -> 1661.86 | G24: =E24-F24 -> 0.3 | H24: 0.004 | K24: =C24 -> 1700 | L24: =ROUND(M24*1.3,2) -> 0.61 | M24: =M23 -> 0.47 | N24: =ROUND(L24/W24,2) -> 1.65 | O24: =ROUND(M24/V24,2) -> 1.57 | P24: =P23 -> 0.54 | Q24: =Q23 -> 0.46 | R24: 0.015 | S24: =H24 -> 0.004 | T24: ="1/"&ROUND(1/S24,0) -> 1/250 | U24: =U23 -> U80 | V24: =V23 -> 0.3 | W24: =W23 -> 0.37 | X24: =Y24-P24 -> 0.26 | Y24: =Y23 -> 0.8 | Z24: =E24 -> 1662.16 | AA24: =F24 -> 1661.86 | AB24: =AA24+Q24 -> 1662.32 | AD24: =Z24-AA24 -> 0.3
B25: K1+800 | C25: 1800 | D25: 1661.687 | E25: =ROUND(D25,2) -> 1661.69 | F25: =ROUND(F24-(C25-C24)*0.0046,2) -> 1661.4 | G25: =E25-F25 -> 0.29 | H25: 0.004 | K25: =C25 -> 1800 | L25: =ROUND(M25*1.3,2) -> 0.61 | M25: =M24 -> 0.47 | N25: =ROUND(L25/W25,2) -> 1.65 | O25: =ROUND(M25/V25,2) -> 1.57 | P25: =P24 -> 0.54 | Q25: =Q24 -> 0.46 | R25: 0.015 | S25: =H25 -> 0.004 | T25: ="1/"&ROUND(1/S25,0) -> 1/250 | U25: =U24 -> U80 | V25: =V24 -> 0.3 | W25: =W24 -> 0.37 | X25: =Y25-P25 -> 0.26 | Y25: =Y24 -> 0.8 | Z25: =E25 -> 1661.69 | AA25: =F25 -> 1661.4 | AB25: =AA25+Q25 -> 1661.86 | AD25: =Z25-AA25 -> 0.29
B26: K1+900 | C26: 1900 | D26: 1661.154 | E26: =ROUND(D26,2) -> 1661.15 | F26: =ROUND(F25-(C26-C25)*0.0046,2) -> 1660.94 | G26: =E26-F26 -> 0.21 | H26: 0.004 | K26: =C26 -> 1900 | L26: =ROUND(M26*1.3,2) -> 0.61 | M26: =M25 -> 0.47 | N26: =ROUND(L26/W26,2) -> 1.65 | O26: =ROUND(M26/V26,2) -> 1.57 | P26: =P25 -> 0.54 | Q26: =Q25 -> 0.46 | R26: 0.015 | S26: =H26 -> 0.004 | T26: ="1/"&ROUND(1/S26,0) -> 1/250 | U26: =U25 -> U80 | V26: =V25 -> 0.3 | W26: =W25 -> 0.37 | X26: =Y26-P26 -> 0.26 | Y26: =Y25 -> 0.8 | Z26: =E26 -> 1661.15 | AA26: =F26 -> 1660.94 | AB26: =AA26+Q26 -> 1661.4 | AD26: =Z26-AA26 -> 0.21
B27: K2+000 | C27: 2000 | D27: 1660.534 | E27: =ROUND(D27,2) -> 1660.53 | F27: =ROUND(F26-(C27-C26)*0.0046,2) -> 1660.48 | G27: =E27-F27 -> 0.05 | H27: 0.004 | K27: =C27 -> 2000 | L27: =ROUND(M27*1.3,2) -> 0.61 | M27: =M26 -> 0.47 | N27: =ROUND(L27/W27,2) -> 1.65 | O27: =ROUND(M27/V27,2) -> 1.57 | P27: =P26 -> 0.54 | Q27: =Q26 -> 0.46 | R27: 0.015 | S27: =H27 -> 0.004 | T27: ="1/"&ROUND(1/S27,0) -> 1/250 | U27: =U26 -> U80 | V27: =V26 -> 0.3 | W27: =W26 -> 0.37 | X27: =Y27-P27 -> 0.26 | Y27: =Y26 -> 0.8 | Z27: =E27 -> 1660.53 | AA27: =F27 -> 1660.48 | AB27: =AA27+Q27 -> 1660.94 | AD27: =Z27-AA27 -> 0.05
B28: K2+100 | C28: 2100 | D28: 1660.105 | E28: =ROUND(D28,2) -> 1660.11 | F28: =ROUND(F27-(C28-C27)*0.0046,2) -> 1660.02 | G28: =E28-F28 -> 0.09 | H28: 0.004 | J28: 1-1-3斗渠 | K28: =C28 -> 2100 | L28: =ROUND(M28*1.3,2) -> 0.61 | M28: =M27 -> 0.47 | N28: =ROUND(L28/W28,2) -> 1.65 | O28: =ROUND(M28/V28,2) -> 1.57 | P28: =P27 -> 0.54 | Q28: =Q27 -> 0.46 | R28: 0.015 | S28: =H28 -> 0.004 | T28: ="1/"&ROUND(1/S28,0) -> 1/250 | U28: =U27 -> U80 | V28: =V27 -> 0.3 | W28: =W27 -> 0.37 | X28: =Y28-P28 -> 0.26 | Y28: =Y27 -> 0.8 | Z28: =E28 -> 1660.11 | AA28: =F28 -> 1660.02 | AB28: =AA28+Q28 -> 1660.48 | AD28: =Z28-AA28 -> 0.09
B29: K2+200 | C29: 2200 | D29: 1659.446 | E29: =ROUND(D29,2) -> 1659.45 | F29: =ROUND(F28-(C29-C28)*0.0046,2) -> 1659.56 | G29: =E29-F29 -> -0.11 | H29: 0.004 | K29: =C29 -> 2200 | L29: =ROUND(M29*1.3,2) -> 0.61 | M29: =M28 -> 0.47 | N29: =ROUND(L29/W29,2) -> 1.65 | O29: =ROUND(M29/V29,2) -> 1.57 | P29: =P28 -> 0.54 | Q29: =Q28 -> 0.46 | R29: 0.015 | S29: =H29 -> 0.004 | T29: ="1/"&ROUND(1/S29,0) -> 1/250 | U29: =U28 -> U80 | V29: =V28 -> 0.3 | W29: =W28 -> 0.37 | X29: =Y29-P29 -> 0.26 | Y29: =Y28 -> 0.8 | Z29: =E29 -> 1659.45 | AA29: =F29 -> 1659.56 | AB29: =AA29+Q29 -> 1660.02 | AD29: =Z29-AA29 -> -0.11
B30: K2+300 | C30: 2300 | D30: 1658.885 | E30: =ROUND(D30,2) -> 1658.89 | F30: =ROUND(F29-(C30-C29)*0.0046,2) -> 1659.1 | G30: =E30-F30 -> -0.21 | H30: 0.004 | K30: =C30 -> 2300 | L30: =ROUND(M30*1.3,2) -> 0.61 | M30: =M29 -> 0.47 | N30: =ROUND(L30/W30,2) -> 1.65 | O30: =ROUND(M30/V30,2) -> 1.57 | P30: =P29 -> 0.54 | Q30: =Q29 -> 0.46 | R30: 0.015 | S30: =H30 -> 0.004 | T30: ="1/"&ROUND(1/S30,0) -> 1/250 | U30: =U29 -> U80 | V30: =V29 -> 0.3 | W30: =W29 -> 0.37 | X30: =Y30-P30 -> 0.26 | Y30: =Y29 -> 0.8 | Z30: =E30 -> 1658.89 | AA30: =F30 -> 1659.1 | AB30: =AA30+Q30 -> 1659.56 | AD30: =Z30-AA30 -> -0.21
B31: K2+400 | C31: 2400 | D31: 1658.81 | E31: =ROUND(D31,2) -> 1658.81 | F31: =ROUND(F30-(C31-C30)*0.0046,2) -> 1658.64 | G31: =E31-F31 -> 0.17 | H31: 0.004 | I31: =F21-F31 -> 4.6 | K31: =C31 -> 2400 | L31: =ROUND(M31*1.3,2) -> 0.61 | M31: =M30 -> 0.47 | N31: =ROUND(L31/W31,2) -> 1.65 | O31: =ROUND(M31/V31,2) -> 1.57 | P31: =P30 -> 0.54 | Q31: =Q30 -> 0.46 | R31: 0.015 | S31: =H31 -> 0.004 | T31: ="1/"&ROUND(1/S31,0) -> 1/250 | U31: =U30 -> U80 | V31: =V30 -> 0.3 | W31: =W30 -> 0.37 | X31: =Y31-P31 -> 0.26 | Y31: =Y30 -> 0.8 | Z31: =E31 -> 1658.81 | AA31: =F31 -> 1658.64 | AB31: =AA31+Q31 -> 1659.1 | AD31: =Z31-AA31 -> 0.17
B32: K2+500 | C32: 2500 | D32: 1658.617 | E32: =ROUND(D32,2) -> 1658.62 | F32: =ROUND(F31-(C32-C31)*H31,2) -> 1658.24 | G32: =E32-F32 -> 0.38 | H32: 0.004 | I32: =I31/(C31-C21) -> 0.0046 | K32: =C32 -> 2500 | L32: =ROUND(M32*1.3,2) -> 0.61 | M32: =M31 -> 0.47 | N32: =ROUND(L32/W32,2) -> 1.65 | O32: =ROUND(M32/V32,2) -> 1.57 | P32: =P31 -> 0.54 | Q32: =Q31 -> 0.46 | R32: 0.015 | S32: =H32 -> 0.004 | T32: ="1/"&ROUND(1/S32,0) -> 1/250 | U32: =U31 -> U80 | V32: =V31 -> 0.3 | W32: =W31 -> 0.37 | X32: =Y32-P32 -> 0.26 | Y32: =Y31 -> 0.8 | Z32: =E32 -> 1658.62 | AA32: =F32 -> 1658.24 | AB32: =AA32+Q32 -> 1658.7 | AD32: =Z32-AA32 -> 0.38
B33: K2+600 | C33: 2600 | D33: 1658.042 | E33: =ROUND(D33,2) -> 1658.04 | F33: =ROUND(F32-(C33-C32)*H32,2) -> 1657.84 | G33: =E33-F33 -> 0.2 | H33: 0.004 | K33: =C33 -> 2600 | L33: =ROUND(M33*1.3,2) -> 0.61 | M33: =M32 -> 0.47 | N33: =ROUND(L33/W33,2) -> 1.65 | O33: =ROUND(M33/V33,2) -> 1.57 | P33: =P32 -> 0.54 | Q33: =Q32 -> 0.46 | R33: 0.015 | S33: =H33 -> 0.004 | T33: ="1/"&ROUND(1/S33,0) -> 1/250 | U33: =U32 -> U80 | V33: =V32 -> 0.3 | W33: =W32 -> 0.37 | X33: =Y33-P33 -> 0.26 | Y33: =Y32 -> 0.8 | Z33: =E33 -> 1658.04 | AA33: =F33 -> 1657.84 | AB33: =AA33+Q33 -> 1658.3 | AD33: =Z33-AA33 -> 0.2
B34: K2+700 | C34: 2700 | D34: 1657.766 | E34: =ROUND(D34,2) -> 1657.77 | F34: =ROUND(F33-(C34-C33)*H33,2) -> 1657.44 | G34: =E34-F34 -> 0.33 | H34: 0.004 | J34: 1-1-4斗渠 | K34: =C34 -> 2700 | L34: =ROUND(M34*1.3,2) -> 0.61 | M34: =M33 -> 0.47 | N34: =ROUND(L34/W34,2) -> 1.65 | O34: =ROUND(M34/V34,2) -> 1.57 | P34: =P33 -> 0.54 | Q34: =Q33 -> 0.46 | R34: 0.015 | S34: =H34 -> 0.004 | T34: ="1/"&ROUND(1/S34,0) -> 1/250 | U34: =U33 -> U80 | V34: =V33 -> 0.3 | W34: =W33 -> 0.37 | X34: =Y34-P34 -> 0.26 | Y34: =Y33 -> 0.8 | Z34: =E34 -> 1657.77 | AA34: =F34 -> 1657.44 | AB34: =AA34+Q34 -> 1657.9 | AD34: =Z34-AA34 -> 0.33
B35: K2+800 | C35: 2800 | D35: 1657.409 | E35: =ROUND(D35,2) -> 1657.41 | F35: =ROUND(F34-(C35-C34)*H34,2) -> 1657.04 | G35: =E35-F35 -> 0.37 | H35: 0.0022 | K35: =C35 -> 2800 | L35: =ROUND(M35*1.3,2) -> 0.46 | M35: 0.35 | N35: =ROUND(L35/W35,2) -> 1.31 | O35: =ROUND(M35/V35,2) -> 1.21 | P35: 0.51 | Q35: 0.44 | R35: 0.015 | S35: =H35 -> 0.0022 | T35: ="1/"&ROUND(1/S35,0) -> 1/455 | U35: =U34 -> U80 | V35: 0.29 | W35: 0.35 | X35: =Y35-P35 -> 0.29 | Y35: =Y34 -> 0.8 | Z35: =E35 -> 1657.41 | AA35: =F35 -> 1657.04 | AB35: =AA35+Q35 -> 1657.48 | AD35: =Z35-AA35 -> 0.37
B36: K2+900 | C36: 2900 | D36: 1656.958 | E36: =ROUND(D36,2) -> 1656.96 | F36: =ROUND(F35-(C36-C35)*H35,2) -> 1656.82 | G36: =E36-F36 -> 0.14 | H36: 0.0022 | K36: =C36 -> 2900 | L36: =ROUND(M36*1.3,2) -> 0.46 | M36: =M35 -> 0.35 | N36: =ROUND(L36/W36,2) -> 1.31 | O36: =ROUND(M36/V36,2) -> 1.21 | P36: =P35 -> 0.51 | Q36: =Q35 -> 0.44 | R36: 0.015 | S36: =H36 -> 0.0022 | T36: ="1/"&ROUND(1/S36,0) -> 1/455 | U36: =U35 -> U80 | V36: =V35 -> 0.29 | W36: =W35 -> 0.35 | X36: =Y36-P36 -> 0.29 | Y36: =Y35 -> 0.8 | Z36: =E36 -> 1656.96 | AA36: =F36 -> 1656.82 | AB36: =AA36+Q36 -> 1657.26 | AD36: =Z36-AA36 -> 0.14
B37: K3+000 | C37: 3000 | D37: 1657.101 | E37: =ROUND(D37,2) -> 1657.1 | F37: =ROUND(F36-(C37-C36)*H36,2) -> 1656.6 | G37: =E37-F37 -> 0.5 | H37: 0.0022 | K37: =C37 -> 3000 | L37: =ROUND(M37*1.3,2) -> 0.46 | M37: =M36 -> 0.35 | N37: =ROUND(L37/W37,2) -> 1.31 | O37: =ROUND(M37/V37,2) -> 1.21 | P37: =P36 -> 0.51 | Q37: =Q36 -> 0.44 | R37: 0.015 | S37: =H37 -> 0.0022 | T37: ="1/"&ROUND(1/S37,0) -> 1/455 | U37: =U36 -> U80 | V37: =V36 -> 0.29 | W37: =W36 -> 0.35 | X37: =Y37-P37 -> 0.29 | Y37: =Y36 -> 0.8 | Z37: =E37 -> 1657.1 | AA37: =F37 -> 1656.6 | AB37: =AA37+Q37 -> 1657.04 | AD37: =Z37-AA37 -> 0.5
B38: K3+100 | C38: 3100 | D38: 1656.582 | E38: =ROUND(D38,2) -> 1656.58 | F38: =ROUND(F37-(C38-C37)*H37,2) -> 1656.38 | G38: =E38-F38 -> 0.2 | H38: 0.0022 | K38: =C38 -> 3100 | L38: =ROUND(M38*1.3,2) -> 0.46 | M38: =M37 -> 0.35 | N38: =ROUND(L38/W38,2) -> 1.31 | O38: =ROUND(M38/V38,2) -> 1.21 | P38: =P37 -> 0.51 | Q38: =Q37 -> 0.44 | R38: 0.015 | S38: =H38 -> 0.0022 | T38: ="1/"&ROUND(1/S38,0) -> 1/455 | U38: =U37 -> U80 | V38: =V37 -> 0.29 | W38: =W37 -> 0.35 | X38: =Y38-P38 -> 0.29 | Y38: =Y37 -> 0.8 | Z38: =E38 -> 1656.58 | AA38: =F38 -> 1656.38 | AB38: =AA38+Q38 -> 1656.82 | AD38: =Z38-AA38 -> 0.2
B39: K3+200 | C39: 3200 | D39: 1656.456 | E39: =ROUND(D39,2) -> 1656.46 | F39: =ROUND(F38-(C39-C38)*H38,2) -> 1656.16 | G39: =E39-F39 -> 0.3 | H39: 0.0022 | K39: =C39 -> 3200 | L39: =ROUND(M39*1.3,2) -> 0.46 | M39: =M38 -> 0.35 | N39: =ROUND(L39/W39,2) -> 1.31 | O39: =ROUND(M39/V39,2) -> 1.21 | P39: =P38 -> 0.51 | Q39: =Q38 -> 0.44 | R39: 0.015 | S39: =H39 -> 0.0022 | T39: ="1/"&ROUND(1/S39,0) -> 1/455 | U39: =U38 -> U80 | V39: =V38 -> 0.29 | W39: =W38 -> 0.35 | X39: =Y39-P39 -> 0.29 | Y39: =Y38 -> 0.8 | Z39: =E39 -> 1656.46 | AA39: =F39 -> 1656.16 | AB39: =AA39+Q39 -> 1656.6 | AD39: =Z39-AA39 -> 0.3
B40: K3+300 | C40: 3300 | D40: 1656.137 | E40: =ROUND(D40,2) -> 1656.14 | F40: =ROUND(F39-(C40-C39)*H39,2) -> 1655.94 | G40: =E40-F40 -> 0.2 | H40: 0.0022 | K40: =C40 -> 3300 | L40: =ROUND(M40*1.3,2) -> 0.46 | M40: =M39 -> 0.35 | N40: =ROUND(L40/W40,2) -> 1.31 | O40: =ROUND(M40/V40,2) -> 1.21 | P40: =P39 -> 0.51 | Q40: =Q39 -> 0.44 | R40: 0.015 | S40: =H40 -> 0.0022 | T40: ="1/"&ROUND(1/S40,0) -> 1/455 | U40: =U39 -> U80 | V40: =V39 -> 0.29 | W40: =W39 -> 0.35 | X40: =Y40-P40 -> 0.29 | Y40: =Y39 -> 0.8 | Z40: =E40 -> 1656.14 | AA40: =F40 -> 1655.94 | AB40: =AA40+Q40 -> 1656.38 | AD40: =Z40-AA40 -> 0.2
B41: K3+400 | C41: 3400 | D41: 1656.049 | E41: =ROUND(D41,2) -> 1656.05 | F41: =ROUND(F40-(C41-C40)*H40,2) -> 1655.72 | G41: =E41-F41 -> 0.33 | H41: 0.0022 | K41: =C41 -> 3400 | L41: =ROUND(M41*1.3,2) -> 0.46 | M41: =M40 -> 0.35 | N41: =ROUND(L41/W41,2) -> 1.31 | O41: =ROUND(M41/V41,2) -> 1.21 | P41: =P40 -> 0.51 | Q41: =Q40 -> 0.44 | R41: 0.015 | S41: =H41 -> 0.0022 | T41: ="1/"&ROUND(1/S41,0) -> 1/455 | U41: =U40 -> U80 | V41: =V40 -> 0.29 | W41: =W40 -> 0.35 | X41: =Y41-P41 -> 0.29 | Y41: =Y40 -> 0.8 | Z41: =E41 -> 1656.05 | AA41: =F41 -> 1655.72 | AB41: =AA41+Q41 -> 1656.16 | AD41: =Z41-AA41 -> 0.33
B42: K3+500 | C42: 3500 | D42: 1656.209 | E42: =ROUND(D42,2) -> 1656.21 | F42: =ROUND(F41-(C42-C41)*H41,2) -> 1655.5 | G42: =E42-F42 -> 0.71 | H42: 0.0022 | J42: 1-1-5斗渠 | K42: =C42 -> 3500 | L42: =ROUND(M42*1.3,2) -> 0.46 | M42: =M41 -> 0.35 | N42: =ROUND(L42/W42,2) -> 1.31 | O42: =ROUND(M42/V42,2) -> 1.21 | P42: =P41 -> 0.51 | Q42: =Q41 -> 0.44 | R42: 0.015 | S42: =H42 -> 0.0022 | T42: ="1/"&ROUND(1/S42,0) -> 1/455 | U42: =U41 -> U80 | V42: =V41 -> 0.29 | W42: =W41 -> 0.35 | X42: =Y42-P42 -> 0.29 | Y42: =Y41 -> 0.8 | Z42: =E42 -> 1656.21 | AA42: =F42 -> 1655.5 | AB42: =AA42+Q42 -> 1655.94 | AD42: =Z42-AA42 -> 0.71
B43: K3+600 | C43: 3600 | D43: 1656.046 | E43: =ROUND(D43,2) -> 1656.05 | F43: =ROUND(F42-(C43-C42)*H42,2) -> 1655.28 | G43: =E43-F43 -> 0.77 | H43: 0.0022 | K43: =C43 -> 3600 | L43: =ROUND(M43*1.3,2) -> 0.46 | M43: =M42 -> 0.35 | N43: =ROUND(L43/W43,2) -> 1.31 | O43: =ROUND(M43/V43,2) -> 1.21 | P43: =P42 -> 0.51 | Q43: =Q42 -> 0.44 | R43: 0.015 | S43: =H43 -> 0.0022 | T43: ="1/"&ROUND(1/S43,0) -> 1/455 | U43: =U42 -> U80 | V43: =V42 -> 0.29 | W43: =W42 -> 0.35 | X43: =Y43-P43 -> 0.29 | Y43: =Y42 -> 0.8 | Z43: =E43 -> 1656.05 | AA43: =F43 -> 1655.28 | AB43: =AA43+Q43 -> 1655.72 | AD43: =Z43-AA43 -> 0.77
B44: K3+700 | C44: 3700 | D44: 1656.781 | E44: =ROUND(D44,2) -> 1656.78 | F44: =ROUND(F43-(C44-C43)*H43,2) -> 1655.06 | G44: =E44-F44 -> 1.72 | H44: 0.0022 | K44: =C44 -> 3700 | L44: =ROUND(M44*1.3,2) -> 0.46 | M44: =M43 -> 0.35 | N44: =ROUND(L44/W44,2) -> 1.31 | O44: =ROUND(M44/V44,2) -> 1.21 | P44: =P43 -> 0.51 | Q44: =Q43 -> 0.44 | R44: 0.015 | S44: =H44 -> 0.0022 | T44: ="1/"&ROUND(1/S44,0) -> 1/455 | U44: =U43 -> U80 | V44: =V43 -> 0.29 | W44: =W43 -> 0.35 | X44: =Y44-P44 -> 0.29 | Y44: =Y43 -> 0.8 | Z44: =E44 -> 1656.78 | AA44: =F44 -> 1655.06 | AB44: =AA44+Q44 -> 1655.5 | AD44: =Z44-AA44 -> 1.72
B45: K3+800 | C45: 3800 | D45: 1655.597 | E45: =ROUND(D45,2) -> 1655.6 | F45: =ROUND(F44-(C45-C44)*H44,2) -> 1654.84 | G45: =E45-F45 -> 0.76 | H45: 0.0022 | K45: =C45 -> 3800 | L45: =ROUND(M45*1.3,2) -> 0.46 | M45: =M44 -> 0.35 | N45: =ROUND(L45/W45,2) -> 1.31 | O45: =ROUND(M45/V45,2) -> 1.21 | P45: =P44 -> 0.51 | Q45: =Q44 -> 0.44 | R45: 0.015 | S45: =H45 -> 0.0022 | T45: ="1/"&ROUND(1/S45,0) -> 1/455 | U45: =U44 -> U80 | V45: =V44 -> 0.29 | W45: =W44 -> 0.35 | X45: =Y45-P45 -> 0.29 | Y45: =Y44 -> 0.8 | Z45: =E45 -> 1655.6 | AA45: =F45 -> 1654.84 | AB45: =AA45+Q45 -> 1655.28 | AD45: =Z45-AA45 -> 0.76
B46: K3+900 | C46: 3900 | D46: 1655.1 | E46: =ROUND(D46,2) -> 1655.1 | F46: =ROUND(F45-(C46-C45)*H45,2) -> 1654.62 | G46: =E46-F46 -> 0.48 | H46: 0.0022 | K46: =C46 -> 3900 | L46: =ROUND(M46*1.3,2) -> 0.46 | M46: =M45 -> 0.35 | N46: =ROUND(L46/W46,2) -> 1.31 | O46: =ROUND(M46/V46,2) -> 1.21 | P46: =P45 -> 0.51 | Q46: =Q45 -> 0.44 | R46: 0.015 | S46: =H46 -> 0.0022 | T46: ="1/"&ROUND(1/S46,0) -> 1/455 | U46: =U45 -> U80 | V46: =V45 -> 0.29 | W46: =W45 -> 0.35 | X46: =Y46-P46 -> 0.29 | Y46: =Y45 -> 0.8 | Z46: =E46 -> 1655.1 | AA46: =F46 -> 1654.62 | AB46: =AA46+Q46 -> 1655.06 | AD46: =Z46-AA46 -> 0.48
B47: K4+000 | C47: 4000 | D47: 1654.904 | E47: =ROUND(D47,2) -> 1654.9 | F47: =ROUND(F46-(C47-C46)*H46,2) -> 1654.4 | G47: =E47-F47 -> 0.5 | H47: 0.0022 | K47: =C47 -> 4000 | L47: =ROUND(M47*1.3,2) -> 0.46 | M47: =M46 -> 0.35 | N47: =ROUND(L47/W47,2) -> 1.31 | O47: =ROUND(M47/V47,2) -> 1.21 | P47: =P46 -> 0.51 | Q47: =Q46 -> 0.44 | R47: 0.015 | S47: =H47 -> 0.0022 | T47: ="1/"&ROUND(1/S47,0) -> 1/455 | U47: =U46 -> U80 | V47: =V46 -> 0.29 | W47: =W46 -> 0.35 | X47: =Y47-P47 -> 0.29 | Y47: =Y46 -> 0.8 | Z47: =E47 -> 1654.9 | AA47: =F47 -> 1654.4 | AB47: =AA47+Q47 -> 1654.84 | AD47: =Z47-AA47 -> 0.5
B48: K4+100 | C48: 4100 | D48: 1654.669 | E48: =ROUND(D48,2) -> 1654.67 | F48: =ROUND(F47-(C48-C47)*H47,2) -> 1654.18 | G48: =E48-F48 -> 0.49 | H48: 0.0022 | K48: =C48 -> 4100 | L48: =ROUND(M48*1.3,2) -> 0.46 | M48: =M47 -> 0.35 | N48: =ROUND(L48/W48,2) -> 1.31 | O48: =ROUND(M48/V48,2) -> 1.21 | P48: =P47 -> 0.51 | Q48: =Q47 -> 0.44 | R48: 0.015 | S48: =H48 -> 0.0022 | T48: ="1/"&ROUND(1/S48,0) -> 1/455 | U48: =U47 -> U80 | V48: =V47 -> 0.29 | W48: =W47 -> 0.35 | X48: =Y48-P48 -> 0.29 | Y48: =Y47 -> 0.8 | Z48: =E48 -> 1654.67 | AA48: =F48 -> 1654.18 | AB48: =AA48+Q48 -> 1654.62 | AD48: =Z48-AA48 -> 0.49
B49: K4+200 | C49: 4200 | D49: 1654.371 | E49: =ROUND(D49,2) -> 1654.37 | F49: =ROUND(F48-(C49-C48)*H48,2) -> 1653.96 | G49: =E49-F49 -> 0.41 | H49: 0.0022 | K49: =C49 -> 4200 | L49: =ROUND(M49*1.3,2) -> 0.46 | M49: =M48 -> 0.35 | N49: =ROUND(L49/W49,2) -> 1.31 | O49: =ROUND(M49/V49,2) -> 1.21 | P49: =P48 -> 0.51 | Q49: =Q48 -> 0.44 | R49: 0.015 | S49: =H49 -> 0.0022 | T49: ="1/"&ROUND(1/S49,0) -> 1/455 | U49: =U48 -> U80 | V49: =V48 -> 0.29 | W49: =W48 -> 0.35 | X49: =Y49-P49 -> 0.29 | Y49: =Y48 -> 0.8 | Z49: =E49 -> 1654.37 | AA49: =F49 -> 1653.96 | AB49: =AA49+Q49 -> 1654.4 | AD49: =Z49-AA49 -> 0.41
B50: K4+300 | C50: 4300 | D50: 1653.933 | E50: =ROUND(D50,2) -> 1653.93 | F50: =ROUND(F49-(C50-C49)*H49,2) -> 1653.74 | G50: =E50-F50 -> 0.19 | H50: 0.0022 | I50: =0.3/0.185*0.217 -> 0.35189189 | J50: 1-1-6斗渠 | K50: =C50 -> 4300 | L50: =ROUND(M50*1.3,2) -> 0.46 | M50: =M49 -> 0.35 | N50: =ROUND(L50/W50,2) -> 1.31 | O50: =ROUND(M50/V50,2) -> 1.21 | P50: =P49 -> 0.51 | Q50: =Q49 -> 0.44 | R50: 0.015 | S50: =H50 -> 0.0022 | T50: ="1/"&ROUND(1/S50,0) -> 1/455 | U50: =U49 -> U80 | V50: =V49 -> 0.29 | W50: =W49 -> 0.35 | X50: =Y50-P50 -> 0.29 | Y50: =Y49 -> 0.8 | Z50: =E50 -> 1653.93 | AA50: =F50 -> 1653.74 | AB50: =AA50+Q50 -> 1654.18 | AD50: =Z50-AA50 -> 0.19
B51: K4+400 | C51: 4400 | D51: 1654.167 | E51: =ROUND(D51,2) -> 1654.17 | F51: =ROUND(F50-(C51-C50)*H50,2) -> 1653.52 | G51: =E51-F51 -> 0.65 | H51: 0.0022 | K51: =C51 -> 4400 | L51: =ROUND(M51*1.3,2) -> 0.46 | M51: =M50 -> 0.35 | N51: =ROUND(L51/W51,2) -> 1.35 | O51: =ROUND(M51/V51,2) -> 1.21 | P51: 0.5 | Q51: 0.43 | R51: 0.015 | S51: =H51 -> 0.0022 | T51: ="1/"&ROUND(1/S51,0) -> 1/455 | U51: =U50 -> U80 | V51: =V50 -> 0.29 | W51: 0.34 | X51: =Y51-P51 -> 0.3 | Y51: =Y50 -> 0.8 | Z51: =E51 -> 1654.17 | AA51: =F51 -> 1653.52 | AB51: =AA51+Q51 -> 1653.95 | AD51: =Z51-AA51 -> 0.65
B52: K4+500 | C52: 4500 | D52: 1653.655 | E52: =ROUND(D52,2) -> 1653.66 | F52: =ROUND(F51-(C52-C51)*H51,2) -> 1653.3 | G52: =E52-F52 -> 0.36 | H52: 0.0022 | K52: =C52 -> 4500 | L52: =ROUND(M52*1.3,2) -> 0.46 | M52: =M51 -> 0.35 | N52: =ROUND(L52/W52,2) -> 1.35 | O52: =ROUND(M52/V52,2) -> 1.21 | P52: =P51 -> 0.5 | Q52: =Q51 -> 0.43 | R52: 0.015 | S52: =H52 -> 0.0022 | T52: ="1/"&ROUND(1/S52,0) -> 1/455 | U52: =U51 -> U80 | V52: =V51 -> 0.29 | W52: =W51 -> 0.34 | X52: =Y52-P52 -> 0.3 | Y52: =Y51 -> 0.8 | Z52: =E52 -> 1653.66 | AA52: =F52 -> 1653.3 | AB52: =AA52+Q52 -> 1653.73 | AD52: =Z52-AA52 -> 0.36
B53: K4+600 | C53: 4600 | D53: 1653.648 | E53: =ROUND(D53,2) -> 1653.65 | F53: =ROUND(F52-(C53-C52)*H52,2) -> 1653.08 | G53: =E53-F53 -> 0.57 | H53: 0.0022 | K53: =C53 -> 4600 | L53: =ROUND(M53*1.3,2) -> 0.46 | M53: =M52 -> 0.35 | N53: =ROUND(L53/W53,2) -> 1.35 | O53: =ROUND(M53/V53,2) -> 1.21 | P53: =P52 -> 0.5 | Q53: =Q52 -> 0.43 | R53: 0.015 | S53: =H53 -> 0.0022 | T53: ="1/"&ROUND(1/S53,0) -> 1/455 | U53: =U52 -> U80 | V53: =V52 -> 0.29 | W53: =W52 -> 0.34 | X53: =Y53-P53 -> 0.3 | Y53: =Y52 -> 0.8 | Z53: =E53 -> 1653.65 | AA53: =F53 -> 1653.08 | AB53: =AA53+Q53 -> 1653.51 | AD53: =Z53-AA53 -> 0.57
B54: K4+700 | C54: 4700 | D54: 1653.468 | E54: =ROUND(D54,2) -> 1653.47 | F54: =ROUND(F53-(C54-C53)*H53,2) -> 1652.86 | G54: =E54-F54 -> 0.61 | H54: 0.0022 | K54: =C54 -> 4700 | L54: =ROUND(M54*1.3,2) -> 0.46 | M54: =M53 -> 0.35 | N54: =ROUND(L54/W54,2) -> 1.35 | O54: =ROUND(M54/V54,2) -> 1.21 | P54: =P53 -> 0.5 | Q54: =Q53 -> 0.43 | R54: 0.015 | S54: =H54 -> 0.0022 | T54: ="1/"&ROUND(1/S54,0) -> 1/455 | U54: =U53 -> U80 | V54: =V53 -> 0.29 | W54: =W53 -> 0.34 | X54: =Y54-P54 -> 0.3 | Y54: =Y53 -> 0.8 | Z54: =E54 -> 1653.47 | AA54: =F54 -> 1652.86 | AB54: =AA54+Q54 -> 1653.29 | AD54: =Z54-AA54 -> 0.61
B55: K4+800 | C55: 4800 | D55: 1653.045 | E55: =ROUND(D55,2) -> 1653.05 | F55: =ROUND(F54-(C55-C54)*H54,2) -> 1652.64 | G55: =E55-F55 -> 0.41 | H55: 0.0022 | K55: =C55 -> 4800 | L55: =ROUND(M55*1.3,2) -> 0.46 | M55: =M54 -> 0.35 | N55: =ROUND(L55/W55,2) -> 1.35 | O55: =ROUND(M55/V55,2) -> 1.21 | P55: =P54 -> 0.5 | Q55: =Q54 -> 0.43 | R55: 0.015 | S55: =H55 -> 0.0022 | T55: ="1/"&ROUND(1/S55,0) -> 1/455 | U55: =U54 -> U80 | V55: =V54 -> 0.29 | W55: =W54 -> 0.34 | X55: =Y55-P55 -> 0.3 | Y55: =Y54 -> 0.8 | Z55: =E55 -> 1653.05 | AA55: =F55 -> 1652.64 | AB55: =AA55+Q55 -> 1653.07 | AD55: =Z55-AA55 -> 0.41
B56: K4+900 | C56: 4900 | D56: 1653.451 | E56: =ROUND(D56,2) -> 1653.45 | F56: =ROUND(F55-(C56-C55)*H55,2) -> 1652.42 | G56: =E56-F56 -> 1.03 | H56: 0.0022 | K56: =C56 -> 4900 | L56: =ROUND(M56*1.3,2) -> 0.46 | M56: =M55 -> 0.35 | N56: =ROUND(L56/W56,2) -> 1.35 | O56: =ROUND(M56/V56,2) -> 1.21 | P56: =P55 -> 0.5 | Q56: =Q55 -> 0.43 | R56: 0.015 | S56: =H56 -> 0.0022 | T56: ="1/"&ROUND(1/S56,0) -> 1/455 | U56: =U55 -> U80 | V56: =V55 -> 0.29 | W56: =W55 -> 0.34 | X56: =Y56-P56 -> 0.3 | Y56: =Y55 -> 0.8 | Z56: =E56 -> 1653.45 | AA56: =F56 -> 1652.42 | AB56: =AA56+Q56 -> 1652.85 | AD56: =Z56-AA56 -> 1.03
B57: K5+000 | C57: 5000 | D57: 1653.611 | E57: =ROUND(D57,2) -> 1653.61 | F57: =ROUND(F56-(C57-C56)*H56,2) -> 1652.2 | G57: =E57-F57 -> 1.41 | H57: 0.0022 | J57: 1-1-7斗渠 | K57: =C57 -> 5000 | L57: =ROUND(M57*1.3,2) -> 0.46 | M57: =M56 -> 0.35 | N57: =ROUND(L57/W57,2) -> 1.35 | O57: =ROUND(M57/V57,2) -> 1.21 | P57: =P56 -> 0.5 | Q57: =Q56 -> 0.43 | R57: 0.015 | S57: =H57 -> 0.0022 | T57: ="1/"&ROUND(1/S57,0) -> 1/455 | U57: =U56 -> U80 | V57: =V56 -> 0.29 | W57: =W56 -> 0.34 | X57: =Y57-P57 -> 0.3 | Y57: =Y56 -> 0.8 | Z57: =E57 -> 1653.61 | AA57: =F57 -> 1652.2 | AB57: =AA57+Q57 -> 1652.63 | AD57: =Z57-AA57 -> 1.41
B58: K5+100 | C58: 5100 | D58: 1653.24 | E58: =ROUND(D58,2) -> 1653.24 | F58: =ROUND(F57-(C58-C57)*H57,2) -> 1651.98 | G58: =E58-F58 -> 1.26 | H58: 0.0022 | K58: =C58 -> 5100 | L58: =ROUND(M58*1.3,2) -> 0.46 | M58: =M57 -> 0.35 | N58: =ROUND(L58/W58,2) -> 1.35 | O58: =ROUND(M58/V58,2) -> 1.21 | P58: =P57 -> 0.5 | Q58: =Q57 -> 0.43 | R58: 0.015 | S58: =H58 -> 0.0022 | T58: ="1/"&ROUND(1/S58,0) -> 1/455 | U58: =U57 -> U80 | V58: =V57 -> 0.29 | W58: =W57 -> 0.34 | X58: =Y58-P58 -> 0.3 | Y58: =Y57 -> 0.8 | Z58: =E58 -> 1653.24 | AA58: =F58 -> 1651.98 | AB58: =AA58+Q58 -> 1652.41 | AD58: =Z58-AA58 -> 1.26
B59: K5+200 | C59: 5200 | D59: 1652.962 | E59: =ROUND(D59,2) -> 1652.96 | F59: =ROUND(F58-(C59-C58)*H58,2) -> 1651.76 | G59: =E59-F59 -> 1.2 | H59: 0.0022 | K59: =C59 -> 5200 | L59: =ROUND(M59*1.3,2) -> 0.46 | M59: =M58 -> 0.35 | N59: =ROUND(L59/W59,2) -> 1.35 | O59: =ROUND(M59/V59,2) -> 1.21 | P59: =P58 -> 0.5 | Q59: =Q58 -> 0.43 | R59: 0.015 | S59: =H59 -> 0.0022 | T59: ="1/"&ROUND(1/S59,0) -> 1/455 | U59: =U58 -> U80 | V59: =V58 -> 0.29 | W59: =W58 -> 0.34 | X59: =Y59-P59 -> 0.3 | Y59: =Y58 -> 0.8 | Z59: =E59 -> 1652.96 | AA59: =F59 -> 1651.76 | AB59: =AA59+Q59 -> 1652.19 | AD59: =Z59-AA59 -> 1.2
B60: K5+300 | C60: 5300 | D60: 1652.95 | E60: =ROUND(D60,2) -> 1652.95 | F60: =ROUND(F59-(C60-C59)*H59,2) -> 1651.54 | G60: =E60-F60 -> 1.41 | H60: 0.0022 | K60: =C60 -> 5300 | L60: =ROUND(M60*1.3,2) -> 0.46 | M60: =M59 -> 0.35 | N60: =ROUND(L60/W60,2) -> 1.35 | O60: =ROUND(M60/V60,2) -> 1.21 | P60: =P59 -> 0.5 | Q60: =Q59 -> 0.43 | R60: 0.015 | S60: =H60 -> 0.0022 | T60: ="1/"&ROUND(1/S60,0) -> 1/455 | U60: =U59 -> U80 | V60: =V59 -> 0.29 | W60: =W59 -> 0.34 | X60: =Y60-P60 -> 0.3 | Y60: =Y59 -> 0.8 | Z60: =E60 -> 1652.95 | AA60: =F60 -> 1651.54 | AB60: =AA60+Q60 -> 1651.97 | AD60: =Z60-AA60 -> 1.41
B61: K5+400 | C61: 5400 | D61: 1651.967 | E61: =ROUND(D61,2) -> 1651.97 | F61: =ROUND(F60-(C61-C60)*H60,2) -> 1651.32 | G61: =E61-F61 -> 0.65 | H61: 0.0022 | K61: =C61 -> 5400 | L61: =ROUND(M61*1.3,2) -> 0.46 | M61: =M60 -> 0.35 | N61: =ROUND(L61/W61,2) -> 1.35 | O61: =ROUND(M61/V61,2) -> 1.21 | P61: =P60 -> 0.5 | Q61: =Q60 -> 0.43 | R61: 0.015 | S61: =H61 -> 0.0022 | T61: ="1/"&ROUND(1/S61,0) -> 1/455 | U61: =U60 -> U80 | V61: =V60 -> 0.29 | W61: =W60 -> 0.34 | X61: =Y61-P61 -> 0.3 | Y61: =Y60 -> 0.8 | Z61: =E61 -> 1651.97 | AA61: =F61 -> 1651.32 | AB61: =AA61+Q61 -> 1651.75 | AD61: =Z61-AA61 -> 0.65
B62: K5+500 | C62: 5500 | D62: 1651.286 | E62: =ROUND(D62,2) -> 1651.29 | F62: =ROUND(F61-(C62-C61)*H61,2) -> 1651.1 | G62: =E62-F62 -> 0.19 | H62: 0.0022 | K62: =C62 -> 5500 | L62: =ROUND(M62*1.3,2) -> 0.46 | M62: =M61 -> 0.35 | N62: =ROUND(L62/W62,2) -> 1.35 | O62: =ROUND(M62/V62,2) -> 1.21 | P62: =P61 -> 0.5 | Q62: =Q61 -> 0.43 | R62: 0.015 | S62: =H62 -> 0.0022 | T62: ="1/"&ROUND(1/S62,0) -> 1/455 | U62: =U61 -> U80 | V62: =V61 -> 0.29 | W62: =W61 -> 0.34 | X62: =Y62-P62 -> 0.3 | Y62: =Y61 -> 0.8 | Z62: =E62 -> 1651.29 | AA62: =F62 -> 1651.1 | AB62: =AA62+Q62 -> 1651.53 | AD62: =Z62-AA62 -> 0.19
B63: K5+600 | C63: 5600 | D63: 1650.984 | E63: =ROUND(D63,2) -> 1650.98 | F63: =ROUND(F62-(C63-C62)*H62,2) -> 1650.88 | G63: =E63-F63 -> 0.1 | H63: 0.0022 | K63: =C63 -> 5600 | L63: =ROUND(M63*1.3,2) -> 0.46 | M63: =M62 -> 0.35 | N63: =ROUND(L63/W63,2) -> 1.35 | O63: =ROUND(M63/V63,2) -> 1.21 | P63: =P62 -> 0.5 | Q63: =Q62 -> 0.43 | R63: 0.015 | S63: =H63 -> 0.0022 | T63: ="1/"&ROUND(1/S63,0) -> 1/455 | U63: =U62 -> U80 | V63: =V62 -> 0.29 | W63: =W62 -> 0.34 | X63: =Y63-P63 -> 0.3 | Y63: =Y62 -> 0.8 | Z63: =E63 -> 1650.98 | AA63: =F63 -> 1650.88 | AB63: =AA63+Q63 -> 1651.31 | AD63: =Z63-AA63 -> 0.1
B64: K5+700 | C64: 5700 | D64: 1650.681 | E64: =ROUND(D64,2) -> 1650.68 | F64: =ROUND(F63-(C64-C63)*H63,2) -> 1650.66 | G64: =E64-F64 -> 0.02 | H64: 0.0022 | K64: =C64 -> 5700 | L64: =ROUND(M64*1.3,2) -> 0.46 | M64: =M63 -> 0.35 | N64: =ROUND(L64/W64,2) -> 1.35 | O64: =ROUND(M64/V64,2) -> 1.21 | P64: =P63 -> 0.5 | Q64: =Q63 -> 0.43 | R64: 0.015 | S64: =H64 -> 0.0022 | T64: ="1/"&ROUND(1/S64,0) -> 1/455 | U64: =U63 -> U80 | V64: =V63 -> 0.29 | W64: =W63 -> 0.34 | X64: =Y64-P64 -> 0.3 | Y64: =Y63 -> 0.8 | Z64: =E64 -> 1650.68 | AA64: =F64 -> 1650.66 | AB64: =AA64+Q64 -> 1651.09 | AD64: =Z64-AA64 -> 0.02
B65: K5+800 | C65: 5800 | D65: 1650.631 | E65: =ROUND(D65,2) -> 1650.63 | F65: =ROUND(F64-(C65-C64)*H64,2) -> 1650.44 | G65: =E65-F65 -> 0.19 | H65: 0.0022 | K65: =C65 -> 5800 | L65: =ROUND(M65*1.3,2) -> 0.46 | M65: =M64 -> 0.35 | N65: =ROUND(L65/W65,2) -> 1.35 | O65: =ROUND(M65/V65,2) -> 1.21 | P65: =P64 -> 0.5 | Q65: =Q64 -> 0.43 | R65: 0.015 | S65: =H65 -> 0.0022 | T65: ="1/"&ROUND(1/S65,0) -> 1/455 | U65: =U64 -> U80 | V65: =V64 -> 0.29 | W65: =W64 -> 0.34 | X65: =Y65-P65 -> 0.3 | Y65: =Y64 -> 0.8 | Z65: =E65 -> 1650.63 | AA65: =F65 -> 1650.44 | AB65: =AA65+Q65 -> 1650.87 | AD65: =Z65-AA65 -> 0.19
B66: K5+871 | C66: 5871 | D66: 1650.724 | E66: =ROUND(D66,2) -> 1650.72 | F66: =ROUND(F65-(C66-C65)*H65,2) -> 1650.28 | G66: =E66-F66 -> 0.44 | H66: 0.0022 | J66: 1-1-8斗渠 | K66: =C66 -> 5871 | L66: =ROUND(M66*1.3,2) -> 0.46 | M66: =M65 -> 0.35 | N66: =ROUND(L66/W66,2) -> 1.35 | O66: =ROUND(M66/V66,2) -> 1.21 | P66: =P65 -> 0.5 | Q66: =Q65 -> 0.43 | R66: 0.015 | S66: =H66 -> 0.0022 | T66: ="1/"&ROUND(1/S66,0) -> 1/455 | U66: =U65 -> U80 | V66: =V65 -> 0.29 | W66: =W65 -> 0.34 | X66: =Y66-P66 -> 0.3 | Y66: =Y65 -> 0.8 | Z66: =E66 -> 1650.72 | AA66: =F66 -> 1650.28 | AB66: =AA66+Q66 -> 1650.71 | AD66: =Z66-AA66 -> 0.44
B67: 5900 | C67: 5900 | E67: 1650.67 | F67: =ROUND(F66-(C67-C66)*H66,2) -> 1650.22 | G67: =E67-F67 -> 0.45 | H67: 0.0022 | K67: =C67 -> 5900 | L67: =ROUND(M67*1.3,2) -> 0.46 | M67: =M66 -> 0.35 | N67: =ROUND(L67/W67,2) -> 1.35 | O67: =ROUND(M67/V67,2) -> 1.21 | P67: =P66 -> 0.5 | Q67: =Q66 -> 0.43 | R67: 0.015 | S67: =H67 -> 0.0022 | T67: ="1/"&ROUND(1/S67,0) -> 1/455 | U67: =U66 -> U80 | V67: =V66 -> 0.29 | W67: =W66 -> 0.34 | X67: =Y67-P67 -> 0.3 | Y67: =Y66 -> 0.8 | Z67: =E67 -> 1650.67 | AA67: =F67 -> 1650.22 | AB67: =AA67+Q67 -> 1650.65
B68: 6000 | C68: 6000 | E68: 1650.51 | F68: =ROUND(F67-(C68-C67)*H67,2) -> 1650 | G68: =E68-F68 -> 0.51 | H68: 0.0022 | K68: =C68 -> 6000 | L68: =ROUND(M68*1.3,2) -> 0.46 | M68: =M67 -> 0.35 | N68: =ROUND(L68/W68,2) -> 1.35 | O68: =ROUND(M68/V68,2) -> 1.21 | P68: =P67 -> 0.5 | Q68: =Q67 -> 0.43 | R68: 0.015 | S68: =H68 -> 0.0022 | T68: ="1/"&ROUND(1/S68,0) -> 1/455 | U68: =U67 -> U80 | V68: =V67 -> 0.29 | W68: =W67 -> 0.34 | X68: =Y68-P68 -> 0.3 | Y68: =Y67 -> 0.8 | Z68: =E68 -> 1650.51 | AA68: =F68 -> 1650 | AB68: =AA68+Q68 -> 1650.43
B69: 6100 | C69: 6100 | E69: 1650.26 | F69: =ROUND(F68-(C69-C68)*H68,2) -> 1649.78 | G69: =E69-F69 -> 0.48 | H69: 0.0022 | K69: =C69 -> 6100 | L69: =ROUND(M69*1.3,2) -> 0.46 | M69: =M68 -> 0.35 | N69: =ROUND(L69/W69,2) -> 1.35 | O69: =ROUND(M69/V69,2) -> 1.21 | P69: =P68 -> 0.5 | Q69: =Q68 -> 0.43 | R69: 0.015 | S69: =H69 -> 0.0022 | T69: ="1/"&ROUND(1/S69,0) -> 1/455 | U69: =U68 -> U80 | V69: =V68 -> 0.29 | W69: =W68 -> 0.34 | X69: =Y69-P69 -> 0.3 | Y69: =Y68 -> 0.8 | Z69: =E69 -> 1650.26 | AA69: =F69 -> 1649.78 | AB69: =AA69+Q69 -> 1650.21
B70: 6200 | C70: 6200 | E70: 1650.05 | F70: =ROUND(F69-(C70-C69)*H69,2) -> 1649.56 | G70: =E70-F70 -> 0.49 | H70: 0.0022 | K70: =C70 -> 6200 | L70: =ROUND(M70*1.3,2) -> 0.46 | M70: =M69 -> 0.35 | N70: =ROUND(L70/W70,2) -> 1.35 | O70: =ROUND(M70/V70,2) -> 1.21 | P70: 0.55 | Q70: 0.46 | R70: 0.015 | S70: =H70 -> 0.0022 | T70: ="1/"&ROUND(1/S70,0) -> 1/455 | U70: =U69 -> U80 | V70: =V69 -> 0.29 | W70: =W69 -> 0.34 | X70: =Y70-P70 -> 0.25 | Y70: =Y69 -> 0.8 | Z70: =E70 -> 1650.05 | AA70: =F70 -> 1649.56 | AB70: =AA70+Q70 -> 1650.02
B71: 6300 | C71: 6300 | E71: 1649.33 | F71: =ROUND(F70-(C71-C70)*H70,2) -> 1649.34 | G71: =E71-F71 -> -0.01 | H71: 0.001 | K71: =C71 -> 6300 | L71: =ROUND(M71*1.3,2) -> 0.46 | M71: =M70 -> 0.35 | N71: =ROUND(L71/W71,2) -> 1.21 | O71: =ROUND(M71/V71,2) -> 1.17 | P71: =P70 -> 0.55 | Q71: =Q70 -> 0.46 | R71: 0.015 | S71: =H71 -> 0.001 | T71: ="1/"&ROUND(1/S71,0) -> 1/1000 | U71: =U70 -> U80 | V71: 0.3 | W71: 0.38 | X71: =Y71-P71 -> 0.25 | Y71: =Y70 -> 0.8 | Z71: =E71 -> 1649.33 | AA71: =F71 -> 1649.34 | AB71: =AA71+Q71 -> 1649.8
B72: 6400 | C72: 6400 | E72: 1649.69 | F72: =ROUND(F71-(C72-C71)*H71,2) -> 1649.24 | G72: =E72-F72 -> 0.45 | H72: 0.001 | K72: =C72 -> 6400 | L72: =ROUND(M72*1.3,2) -> 0.46 | M72: =M71 -> 0.35 | N72: =ROUND(L72/W72,2) -> 1.21 | O72: =ROUND(M72/V72,2) -> 1.17 | P72: =P71 -> 0.55 | Q72: =Q71 -> 0.46 | R72: 0.015 | S72: =H72 -> 0.001 | T72: ="1/"&ROUND(1/S72,0) -> 1/1000 | U72: =U71 -> U80 | V72: =V71 -> 0.3 | W72: =W71 -> 0.38 | X72: =Y72-P72 -> 0.25 | Y72: =Y71 -> 0.8 | Z72: =E72 -> 1649.69 | AA72: =F72 -> 1649.24 | AB72: =AA72+Q72 -> 1649.7
B73: 6500 | C73: 6500 | E73: 1649.61 | F73: =ROUND(F72-(C73-C72)*H72,2) -> 1649.14 | G73: =E73-F73 -> 0.47 | H73: 0.001 | K73: =C73 -> 6500 | L73: =ROUND(M73*1.3,2) -> 0.46 | M73: =M72 -> 0.35 | N73: =ROUND(L73/W73,2) -> 1.21 | O73: =ROUND(M73/V73,2) -> 1.17 | P73: =P72 -> 0.55 | Q73: =Q72 -> 0.46 | R73: 0.015 | S73: =H73 -> 0.001 | T73: ="1/"&ROUND(1/S73,0) -> 1/1000 | U73: =U72 -> U80 | V73: =V72 -> 0.3 | W73: =W72 -> 0.38 | X73: =Y73-P73 -> 0.25 | Y73: =Y72 -> 0.8 | Z73: =E73 -> 1649.61 | AA73: =F73 -> 1649.14 | AB73: =AA73+Q73 -> 1649.6
B74: 6600 | C74: 6600 | E74: 1649.55 | F74: =ROUND(F73-(C74-C73)*H73,2) -> 1649.04 | G74: =E74-F74 -> 0.51 | H74: 0.001 | K74: =C74 -> 6600 | L74: =ROUND(M74*1.3,2) -> 0.46 | M74: =M73 -> 0.35 | N74: =ROUND(L74/W74,2) -> 1.21 | O74: =ROUND(M74/V74,2) -> 1.17 | P74: =P73 -> 0.55 | Q74: =Q73 -> 0.46 | R74: 0.015 | S74: =H74 -> 0.001 | T74: ="1/"&ROUND(1/S74,0) -> 1/1000 | U74: =U73 -> U80 | V74: =V73 -> 0.3 | W74: =W73 -> 0.38 | X74: =Y74-P74 -> 0.25 | Y74: =Y73 -> 0.8 | Z74: =E74 -> 1649.55 | AA74: =F74 -> 1649.04 | AB74: =AA74+Q74 -> 1649.5
B75: 6700 | C75: 6700 | E75: 1649.55 | F75: =ROUND(F74-(C75-C74)*H74,2) -> 1648.94 | G75: =E75-F75 -> 0.61 | H75: 0.001 | K75: =C75 -> 6700 | L75: =ROUND(M75*1.3,2) -> 0.46 | M75: =M74 -> 0.35 | N75: =ROUND(L75/W75,2) -> 1.21 | O75: =ROUND(M75/V75,2) -> 1.17 | P75: =P74 -> 0.55 | Q75: =Q74 -> 0.46 | R75: 0.015 | S75: =H75 -> 0.001 | T75: ="1/"&ROUND(1/S75,0) -> 1/1000 | U75: =U74 -> U80 | V75: =V74 -> 0.3 | W75: =W74 -> 0.38 | X75: =Y75-P75 -> 0.25 | Y75: =Y74 -> 0.8 | Z75: =E75 -> 1649.55 | AA75: =F75 -> 1648.94 | AB75: =AA75+Q75 -> 1649.4
B76: 6803 | C76: 6803 | E76: 1649.61 | F76: =ROUND(F75-(C76-C75)*H75,2) -> 1648.84 | G76: =E76-F76 -> 0.77 | H76: 0.001 | K76: =C76 -> 6803 | L76: =ROUND(M76*1.3,2) -> 0.46 | M76: =M75 -> 0.35 | N76: =ROUND(L76/W76,2) -> 1.21 | O76: =ROUND(M76/V76,2) -> 1.17 | P76: =P75 -> 0.55 | Q76: =Q75 -> 0.46 | R76: 0.015 | S76: =H76 -> 0.001 | T76: ="1/"&ROUND(1/S76,0) -> 1/1000 | U76: =U75 -> U80 | V76: =V75 -> 0.3 | W76: =W75 -> 0.38 | X76: =Y76-P76 -> 0.25 | Y76: =Y75 -> 0.8 | Z76: =E76 -> 1649.61 | AA76: =F76 -> 1648.84 | AB76: =AA76+Q76 -> 1649.3
F77: =ROUND(F76-(C77-C76)*H76,2) -> 1655.64 | G77: =E77-F77 -> -1655.64
K80: 桩号 | L80: 流量 | N80: 流速 | P80: 水深 | R80: 糙率 | S80: 比降 | T80: 规格 | U80: 过水面积 | W80: 湿周 | Y80: 水力半径 | AA80: 渠顶超高 | AB80: 设计渠深
L81: Q大 | M81: Q设 | N81: V大 | O81: V设 | P81: H大 | Q81: H设 | R81: n | S81: i | T81: D | U81: A大 | V81: A设 | W81: X大 | X81: X设 | Y81: R大 | Z81: R设 | AA81: Fb | AB81: H
K82: km+m | L82: m3/s | M82: m3/s | N82: m/s | O82: m/s | P82: m | Q82: m | T82: m | U82: m2 | V82: m2 | W82: m | Y82: m | AA82: m | AB82: m
K83: =K5 -> 10 | L83: =L5 -> 0.61 | M83: =M5 -> 0.47 | N83: =N5 -> 1.65 | O83: =O5 -> 1.57 | P83: =P5 -> 0.54 | Q83: =Q5 -> 0.46 | R83: =R5 -> 0.015 | S83: =T5 -> 1/250 | T83: =U5 -> U80 | U83: =W5 -> 0.37 | V83: =V5 -> 0.3 | W83: 1.443 | X83: 1.32 | Y83: =U83/W83 -> 0.25641026 | Z83: =V83/X83 -> 0.22727273 | AA83: =X5 -> 0.26 | AB83: =Y5 -> 0.8
K84: =K7 -> 200 | L84: =L7 -> 0.61 | M84: =M7 -> 0.47 | N84: =N7 -> 1.65 | O84: =O7 -> 1.57 | P84: =P7 -> 0.54 | Q84: =Q7 -> 0.46 | R84: =R7 -> 0.015 | S84: =T7 -> 1/250 | T84: =U7 -> U80 | U84: =W7 -> 0.37 | V84: =V7 -> 0.3 | W84: 1.443 | X84: 1.32 | Y84: =U84/W84 -> 0.25641026 | Z84: =V84/X84 -> 0.22727273 | AA84: =X7 -> 0.26 | AB84: =Y7 -> 0.8
K85: =K9 -> 400 | L85: =L9 -> 0.61 | M85: =M9 -> 0.47 | N85: =N9 -> 1.65 | O85: =O9 -> 1.57 | P85: =P9 -> 0.54 | Q85: =Q9 -> 0.46 | R85: =R9 -> 0.015 | S85: =T9 -> 1/250 | T85: =U9 -> U80 | U85: =W9 -> 0.37 | V85: =V9 -> 0.3 | W85: 1.443 | X85: 1.32 | Y85: =U85/W85 -> 0.25641026 | Z85: =V85/X85 -> 0.22727273 | AA85: =X9 -> 0.26 | AB85: =Y9 -> 0.8
K86: =K11 -> 600 | L86: =L11 -> 0.61 | M86: =M11 -> 0.47 | N86: =N11 -> 1.65 | O86: =O11 -> 1.57 | P86: =P11 -> 0.54 | Q86: =Q11 -> 0.46 | R86: =R11 -> 0.015 | S86: =T11 -> 1/250 | T86: =U11 -> U80 | U86: =W11 -> 0.37 | V86: =V11 -> 0.3 | W86: 1.443 | X86: 1.32 | Y86: =U86/W86 -> 0.25641026 | Z86: =V86/X86 -> 0.22727273 | AA86: =X11 -> 0.26 | AB86: =Y11 -> 0.8
K87: =K13 -> 800 | L87: =L13 -> 0.61 | M87: =M13 -> 0.47 | N87: =N13 -> 1.65 | O87: =O13 -> 1.57 | P87: =P13 -> 0.54 | Q87: =Q13 -> 0.46 | R87: =R13 -> 0.015 | S87: =T13 -> 1/250 | T87: =U13 -> U80 | U87: =W13 -> 0.37 | V87: =V13 -> 0.3 | W87: 1.443 | X87: 1.32 | Y87: =U87/W87 -> 0.25641026 | Z87: =V87/X87 -> 0.22727273 | AA87: =X13 -> 0.26 | AB87: =Y13 -> 0.8
K88: =K15 -> 1000 | L88: =L15 -> 0.61 | M88: =M15 -> 0.47 | N88: =N15 -> 1.65 | O88: =O15 -> 1.57 | P88: =P15 -> 0.54 | Q88: =Q15 -> 0.46 | R88: =R15 -> 0.015 | S88: =T15 -> 1/250 | T88: =U15 -> U80 | U88: =W15 -> 0.37 | V88: =V15 -> 0.3 | W88: 1.443 | X88: 1.32 | Y88: =U88/W88 -> 0.25641026 | Z88: =V88/X88 -> 0.22727273 | AA88: =X15 -> 0.26 | AB88: =Y15 -> 0.8
K89: =K19 -> 1200 | L89: =L19 -> 0.61 | M89: =M19 -> 0.47 | N89: =N19 -> 1.65 | O89: =O19 -> 1.57 | P89: =P19 -> 0.54 | Q89: =Q19 -> 0.46 | R89: =R19 -> 0.015 | S89: =T19 -> 1/250 | T89: =U19 -> U80 | U89: =W19 -> 0.37 | V89: =V19 -> 0.3 | W89: 1.443 | X89: 1.32 | Y89: =U89/W89 -> 0.25641026 | Z89: =V89/X89 -> 0.22727273 | AA89: =X19 -> 0.26 | AB89: =Y19 -> 0.8
K90: =K21 -> 1400 | L90: =L21 -> 0.61 | M90: =M21 -> 0.47 | N90: =N21 -> 1.65 | O90: =O21 -> 1.57 | P90: =P21 -> 0.54 | Q90: =Q21 -> 0.46 | R90: =R21 -> 0.015 | S90: =T21 -> 1/250 | T90: =U21 -> U80 | U90: =W21 -> 0.37 | V90: =V21 -> 0.3 | W90: 1.443 | X90: 1.32 | Y90: =U90/W90 -> 0.25641026 | Z90: =V90/X90 -> 0.22727273 | AA90: =X21 -> 0.26 | AB90: =Y21 -> 0.8
K91: =K23 -> 1600 | L91: =L23 -> 0.61 | M91: =M23 -> 0.47 | N91: =N23 -> 1.65 | O91: =O23 -> 1.57 | P91: =P23 -> 0.54 | Q91: =Q23 -> 0.46 | R91: =R23 -> 0.015 | S91: =T23 -> 1/250 | T91: =U23 -> U80 | U91: =W23 -> 0.37 | V91: =V23 -> 0.3 | W91: 1.443 | X91: 1.32 | Y91: =U91/W91 -> 0.25641026 | Z91: =V91/X91 -> 0.22727273 | AA91: =X23 -> 0.26 | AB91: =Y23 -> 0.8
K92: =K25 -> 1800 | L92: =L25 -> 0.61 | M92: =M25 -> 0.47 | N92: =N25 -> 1.65 | O92: =O25 -> 1.57 | P92: =P25 -> 0.54 | Q92: =Q25 -> 0.46 | R92: =R25 -> 0.015 | S92: =T25 -> 1/250 | T92: =U25 -> U80 | U92: =W25 -> 0.37 | V92: =V25 -> 0.3 | W92: 1.443 | X92: 1.32 | Y92: =U92/W92 -> 0.25641026 | Z92: =V92/X92 -> 0.22727273 | AA92: =X25 -> 0.26 | AB92: =Y25 -> 0.8
K93: =K27 -> 2000 | L93: =L27 -> 0.61 | M93: =M27 -> 0.47 | N93: =N27 -> 1.65 | O93: =O27 -> 1.57 | P93: =P27 -> 0.54 | Q93: =Q27 -> 0.46 | R93: =R27 -> 0.015 | S93: =T27 -> 1/250 | T93: =U27 -> U80 | U93: =W27 -> 0.37 | V93: =V27 -> 0.3 | W93: 1.443 | X93: 1.32 | Y93: =U93/W93 -> 0.25641026 | Z93: =V93/X93 -> 0.22727273 | AA93: =X27 -> 0.26 | AB93: =Y27 -> 0.8
K94: =K29 -> 2200 | L94: =L29 -> 0.61 | M94: =M29 -> 0.47 | N94: =N29 -> 1.65 | O94: =O29 -> 1.57 | P94: =P29 -> 0.54 | Q94: =Q29 -> 0.46 | R94: =R29 -> 0.015 | S94: =T29 -> 1/250 | T94: =U29 -> U80 | U94: =W29 -> 0.37 | V94: =V29 -> 0.3 | W94: 1.443 | X94: 1.32 | Y94: =U94/W94 -> 0.25641026 | Z94: =V94/X94 -> 0.22727273 | AA94: =X29 -> 0.26 | AB94: =Y29 -> 0.8
K95: =K31 -> 2400 | L95: =L31 -> 0.61 | M95: =M31 -> 0.47 | N95: =N31 -> 1.65 | O95: =O31 -> 1.57 | P95: =P31 -> 0.54 | Q95: =Q31 -> 0.46 | R95: =R31 -> 0.015 | S95: =T31 -> 1/250 | T95: =U31 -> U80 | U95: =W31 -> 0.37 | V95: =V31 -> 0.3 | W95: 1.443 | X95: 1.32 | Y95: =U95/W95 -> 0.25641026 | Z95: =V95/X95 -> 0.22727273 | AA95: =X31 -> 0.26 | AB95: =Y31 -> 0.8
K96: =K33 -> 2600 | L96: =L33 -> 0.61 | M96: =M33 -> 0.47 | N96: =N33 -> 1.65 | O96: =O33 -> 1.57 | P96: =P33 -> 0.54 | Q96: =Q33 -> 0.46 | R96: =R33 -> 0.015 | S96: =T33 -> 1/250 | T96: =U33 -> U80 | U96: =W33 -> 0.37 | V96: =V33 -> 0.3 | W96: 1.443 | X96: 1.32 | Y96: =U96/W96 -> 0.25641026 | Z96: =V96/X96 -> 0.22727273 | AA96: =X33 -> 0.26 | AB96: =Y33 -> 0.8
K97: =K34 -> 2700 | L97: =L34 -> 0.61 | M97: =M34 -> 0.47 | N97: =N34 -> 1.65 | O97: =O34 -> 1.57 | P97: =P34 -> 0.54 | Q97: =Q34 -> 0.46 | R97: =R34 -> 0.015 | S97: =T34 -> 1/250 | T97: =U34 -> U80 | U97: =W34 -> 0.37 | V97: =V34 -> 0.3 | W97: 1.443 | X97: 1.32 | Y97: =U97/W97 -> 0.25641026 | Z97: =V97/X97 -> 0.22727273 | AA97: =X34 -> 0.26 | AB97: =Y34 -> 0.8
K98: =K35 -> 2800 | L98: =L35 -> 0.46 | M98: =M35 -> 0.35 | N98: =N35 -> 1.31 | O98: =O35 -> 1.21 | P98: =P35 -> 0.51 | Q98: =Q35 -> 0.44 | R98: =R35 -> 0.015 | S98: =T35 -> 1/455 | T98: =U35 -> U80 | U98: =W35 -> 0.35 | V98: =V35 -> 0.29 | W98: 1.648 | X98: 1.464 | Y98: =U98/W98 -> 0.21237864 | Z98: =V98/X98 -> 0.19808743 | AA98: =X35 -> 0.29 | AB98: =Y35 -> 0.8
K99: =K37 -> 3000 | L99: =L37 -> 0.46 | M99: =M37 -> 0.35 | N99: =N37 -> 1.31 | O99: =O37 -> 1.21 | P99: =P37 -> 0.51 | Q99: =Q37 -> 0.44 | R99: =R37 -> 0.015 | S99: =T37 -> 1/455 | T99: =U37 -> U80 | U99: =W37 -> 0.35 | V99: =V37 -> 0.29 | W99: 1.648 | X99: 1.464 | Y99: =U99/W99 -> 0.21237864 | Z99: =V99/X99 -> 0.19808743 | AA99: =X37 -> 0.29 | AB99: =Y37 -> 0.8
K100: =K39 -> 3200 | L100: =L39 -> 0.46 | M100: =M39 -> 0.35 | N100: =N39 -> 1.31 | O100: =O39 -> 1.21 | P100: =P39 -> 0.51 | Q100: =Q39 -> 0.44 | R100: =R39 -> 0.015 | S100: =T39 -> 1/455 | T100: =U39 -> U80 | U100: =W39 -> 0.35 | V100: =V39 -> 0.29 | W100: 1.648 | X100: 1.464 | Y100: =U100/W100 -> 0.21237864 | Z100: =V100/X100 -> 0.19808743 | AA100: =X39 -> 0.29 | AB100: =Y39 -> 0.8
K101: =K41 -> 3400 | L101: =L41 -> 0.46 | M101: =M41 -> 0.35 | N101: =N41 -> 1.31 | O101: =O41 -> 1.21 | P101: =P41 -> 0.51 | Q101: =Q41 -> 0.44 | R101: =R41 -> 0.015 | S101: =T41 -> 1/455 | T101: =U41 -> U80 | U101: =W41 -> 0.35 | V101: =V41 -> 0.29 | W101: 1.648 | X101: 1.464 | Y101: =U101/W101 -> 0.21237864 | Z101: =V101/X101 -> 0.19808743 | AA101: =X41 -> 0.29 | AB101: =Y41 -> 0.8
K102: =K43 -> 3600 | L102: =L43 -> 0.46 | M102: =M43 -> 0.35 | N102: =N43 -> 1.31 | O102: =O43 -> 1.21 | P102: =P43 -> 0.51 | Q102: =Q43 -> 0.44 | R102: =R43 -> 0.015 | S102: =T43 -> 1/455 | T102: =U43 -> U80 | U102: =W43 -> 0.35 | V102: =V43 -> 0.29 | W102: 1.648 | X102: 1.464 | Y102: =U102/W102 -> 0.21237864 | Z102: =V102/X102 -> 0.19808743 | AA102: =X43 -> 0.29 | AB102: =Y43 -> 0.8
...

Sheet 1-2支渠
J1: 备注 | K1: 桩号 | L1: 流量 | N1: 流速 | P1: 水深 | R1: 糙率 | S1: 比降 | U1: 规格 | X1: 超高 | Y1: 渠深 | Z1: 地面高程 | AA1: 渠底高程 | AB1: 设计水位 | AC1: 备注
L2: Q大 | M2: Q设 | N2: V大 | O2: V设 | P2: H大 | Q2: H设 | R2: n | S2: i | U2: b | V2: A设 | W2: A大 | X2: Fb | Y2: h
B3: 桩号m | D3: 地面线 | K3: km+m | L3: m3/s | M3: m3/s | N3: m/s | O3: m/s | P3: m | Q3: m | U3: m | X3: m | Y3: m | Z3: m | AA3: m | AB3: m
B4: K0+000 | C4: 0 | D4: 1666.654 | E4: =ROUND(D4,2) -> 1666.65 | F4: =ROUND(D4,2) -> 1666.65 | K4: =C4 -> 0 | L4: =ROUND(M4*1.3,2) -> 0.9 | M4: =支渠!M4 -> 0.69
C5: 10 | D5: 1666.45 | E5: =ROUND(D5,2) -> 1666.45 | F5: =E5-0.7 -> 1665.75 | G5: =E5-F5 -> 0.7 | H5: 0.005 | K5: =C5 -> 10 | L5: =ROUND(M5*1.3,2) -> 0.9 | M5: =M4 -> 0.69 | N5: =ROUND(L5/W5,2) -> 1.96 | O5: =ROUND(M5/V5,2) -> 1.73 | P5: 0.56 | Q5: =0.42+0.05 -> 0.47 | R5: 0.015 | S5: =H5 -> 0.005 | T5: ="1/"&ROUND(1/S5,0) -> 1/200 | U5: U100 | V5: 0.4 | W5: 0.46 | X5: =Y5-P5 -> 0.44 | Y5: 1 | Z5: =E5 -> 1666.45 | AA5: =F5 -> 1665.75 | AB5: =AA5+Q5 -> 1666.22 | AD5: =P5*1.25+0.2 -> 0.9
B6: K0+100 | C6: 100 | D6: 1665.813 | E6: =ROUND(D6,2) -> 1665.81 | F6: =ROUND(F5-(C6-C5)*H5,2) -> 1665.3 | G6: =E6-F6 -> 0.51 | H6: 0.005 | J6: 1-2-1斗渠 | K6: =C6 -> 100 | L6: =ROUND(M6*1.3,2) -> 0.9 | M6: =M5 -> 0.69 | N6: =ROUND(L6/W6,2) -> 1.96 | O6: =ROUND(M6/V6,2) -> 1.73 | P6: =P5 -> 0.56 | Q6: =Q5 -> 0.47 | R6: 0.015 | S6: =H6 -> 0.005 | T6: ="1/"&ROUND(1/S6,0) -> 1/200 | U6: U100 | V6: =V5 -> 0.4 | W6: =W5 -> 0.46 | X6: =Y6-P6 -> 0.44 | Y6: 1 | Z6: =E6 -> 1665.81 | AA6: =F6 -> 1665.3 | AB6: =AA6+Q6 -> 1665.77
B7: K0+200 | C7: 200 | D7: 1665.631 | E7: =ROUND(D7,2) -> 1665.63 | F7: =ROUND(F6-(C7-C6)*H6,2) -> 1664.8 | G7: =E7-F7 -> 0.83 | H7: 0.005 | K7: =C7 -> 200 | L7: =ROUND(M7*1.3,2) -> 0.9 | M7: =M6 -> 0.69 | N7: =ROUND(L7/W7,2) -> 1.96 | O7: =ROUND(M7/V7,2) -> 1.73 | P7: =P6 -> 0.56 | Q7: =Q6 -> 0.47 | R7: 0.015 | S7: =H7 -> 0.005 | T7: ="1/"&ROUND(1/S7,0) -> 1/200 | U7: U100 | V7: =V6 -> 0.4 | W7: =W6 -> 0.46 | X7: =Y7-P7 -> 0.44 | Y7: 1 | Z7: =E7 -> 1665.63 | AA7: =F7 -> 1664.8 | AB7: =AA7+Q7 -> 1665.27
B8: K0+300 | C8: 300 | D8: 1665.145 | E8: =ROUND(D8,2) -> 1665.15 | F8: =ROUND(F7-(C8-C7)*H7,2) -> 1664.3 | G8: =E8-F8 -> 0.85 | H8: 0.005 | K8: =C8 -> 300 | L8: =ROUND(M8*1.3,2) -> 0.9 | M8: =M7 -> 0.69 | N8: =ROUND(L8/W8,2) -> 1.96 | O8: =ROUND(M8/V8,2) -> 1.73 | P8: =P7 -> 0.56 | Q8: =Q7 -> 0.47 | R8: 0.015 | S8: =H8 -> 0.005 | T8: ="1/"&ROUND(1/S8,0) -> 1/200 | U8: U100 | V8: =V7 -> 0.4 | W8: =W7 -> 0.46 | X8: =Y8-P8 -> 0.44 | Y8: 1 | Z8: =E8 -> 1665.15 | AA8: =F8 -> 1664.3 | AB8: =AA8+Q8 -> 1664.77
B9: K0+400 | C9: 400 | D9: 1664.741 | E9: =ROUND(D9,2) -> 1664.74 | F9: =ROUND(F8-(C9-C8)*H8,2) -> 1663.8 | G9: =E9-F9 -> 0.94 | H9: 0.005 | K9: =C9 -> 400 | L9: =ROUND(M9*1.3,2) -> 0.9 | M9: =M8 -> 0.69 | N9: =ROUND(L9/W9,2) -> 1.96 | O9: =ROUND(M9/V9,2) -> 1.73 | P9: =P8 -> 0.56 | Q9: =Q8 -> 0.47 | R9: 0.015 | S9: =H9 -> 0.005 | T9: ="1/"&ROUND(1/S9,0) -> 1/200 | U9: U100 | V9: =V8 -> 0.4 | W9: =W8 -> 0.46 | X9: =Y9-P9 -> 0.44 | Y9: 1 | Z9: =E9 -> 1664.74 | AA9: =F9 -> 1663.8 | AB9: =AA9+Q9 -> 1664.27
B10: K0+500 | C10: 500 | D10: 1663.836 | E10: =ROUND(D10,2) -> 1663.84 | F10: =ROUND(F9-(C10-C9)*H9,2) -> 1663.3 | G10: =E10-F10 -> 0.54 | H10: 0.005 | K10: =C10 -> 500 | L10: =ROUND(M10*1.3,2) -> 0.9 | M10: =M9 -> 0.69 | N10: =ROUND(L10/W10,2) -> 1.96 | O10: =ROUND(M10/V10,2) -> 1.73 | P10: =P9 -> 0.56 | Q10: =Q9 -> 0.47 | R10: 0.015 | S10: =H10 -> 0.005 | T10: ="1/"&ROUND(1/S10,0) -> 1/200 | U10: U100 | V10: =V9 -> 0.4 | W10: =W9 -> 0.46 | X10: =Y10-P10 -> 0.44 | Y10: 1 | Z10: =E10 -> 1663.84 | AA10: =F10 -> 1663.3 | AB10: =AA10+Q10 -> 1663.77
B11: K0+600 | C11: 600 | D11: 1663.036 | E11: =ROUND(D11,2) -> 1663.04 | F11: =ROUND(F10-(C11-C10)*H10,2) -> 1662.8 | G11: =E11-F11 -> 0.24 | H11: 0.005 | K11: =C11 -> 600 | L11: =ROUND(M11*1.3,2) -> 0.9 | M11: =M10 -> 0.69 | N11: =ROUND(L11/W11,2) -> 1.96 | O11: =ROUND(M11/V11,2) -> 1.73 | P11: =P10 -> 0.56 | Q11: =Q10 -> 0.47 | R11: 0.015 | S11: =H11 -> 0.005 | T11: ="1/"&ROUND(1/S11,0) -> 1/200 | U11: U100 | V11: =V10 -> 0.4 | W11: =W10 -> 0.46 | X11: =Y11-P11 -> 0.44 | Y11: 1 | Z11: =E11 -> 1663.04 | AA11: =F11 -> 1662.8 | AB11: =AA11+Q11 -> 1663.27
B12: K0+700 | C12: 700 | D12: 1662.367 | E12: =ROUND(D12,2) -> 1662.37 | F12: =ROUND(F11-(C12-C11)*H11,2) -> 1662.3 | G12: =E12-F12 -> 0.07 | H12: 0.005 | K12: =C12 -> 700 | L12: =ROUND(M12*1.3,2) -> 0.9 | M12: =M11 -> 0.69 | N12: =ROUND(L12/W12,2) -> 1.96 | O12: =ROUND(M12/V12,2) -> 1.73 | P12: =P11 -> 0.56 | Q12: =Q11 -> 0.47 | R12: 0.015 | S12: =H12 -> 0.005 | T12: ="1/"&ROUND(1/S12,0) -> 1/200 | U12: U100 | V12: =V11 -> 0.4 | W12: =W11 -> 0.46 | X12: =Y12-P12 -> 0.44 | Y12: 1 | Z12: =E12 -> 1662.37 | AA12: =F12 -> 1662.3 | AB12: =AA12+Q12 -> 1662.77
B13: K0+800 | C13: 800 | D13: 1661.855 | E13: =ROUND(D13,2) -> 1661.86 | F13: =ROUND(F12-(C13-C12)*H12,2) -> 1661.8 | G13: =E13-F13 -> 0.06 | H13: 0.005 | J13: 1-2-2斗渠 | K13: =C13 -> 800 | L13: =ROUND(M13*1.3,2) -> 0.9 | M13: =M12 -> 0.69 | N13: =ROUND(L13/W13,2) -> 1.96 | O13: =ROUND(M13/V13,2) -> 1.73 | P13: =P12 -> 0.56 | Q13: =Q12 -> 0.47 | R13: 0.015 | S13: =H13 -> 0.005 | T13: ="1/"&ROUND(1/S13,0) -> 1/200 | U13: U100 | V13: =V12 -> 0.4 | W13: =W12 -> 0.46 | X13: =Y13-P13 -> 0.44 | Y13: 1 | Z13: =E13 -> 1661.86 | AA13: =F13 -> 1661.8 | AB13: =AA13+Q13 -> 1662.27
B14: K0+900 | C14: 900 | D14: 1661.433 | E14: =ROUND(D14,2) -> 1661.43 | F14: =ROUND(F13-(C14-C13)*H13,2) -> 1661.3 | G14: =E14-F14 -> 0.13 | H14: 0.005 | K14: =C14 -> 900 | L14: =ROUND(M14*1.3,2) -> 0.9 | M14: =M13 -> 0.69 | N14: =ROUND(L14/W14,2) -> 1.96 | O14: =ROUND(M14/V14,2) -> 1.73 | P14: =P13 -> 0.56 | Q14: =Q13 -> 0.47 | R14: 0.015 | S14: =H14 -> 0.005 | T14: ="1/"&ROUND(1/S14,0) -> 1/200 | U14: U100 | V14: =V13 -> 0.4 | W14: =W13 -> 0.46 | X14: =Y14-P14 -> 0.44 | Y14: 1 | Z14: =E14 -> 1661.43 | AA14: =F14 -> 1661.3 | AB14: =AA14+Q14 -> 1661.77
B15: K1+000 | C15: 1000 | D15: 1661.138 | E15: =ROUND(D15,2) -> 1661.14 | F15: =ROUND(F14-(C15-C14)*H14,2) -> 1660.8 | G15: =E15-F15 -> 0.34 | H15: 0.005 | K15: =C15 -> 1000 | L15: =ROUND(M15*1.3,2) -> 0.9 | M15: =M14 -> 0.69 | N15: =ROUND(L15/W15,2) -> 1.96 | O15: =ROUND(M15/V15,2) -> 1.73 | P15: =P14 -> 0.56 | Q15: =Q14 -> 0.47 | R15: 0.015 | S15: =H15 -> 0.005 | T15: ="1/"&ROUND(1/S15,0) -> 1/200 | U15: U100 | V15: =V14 -> 0.4 | W15: =W14 -> 0.46 | X15: =Y15-P15 -> 0.44 | Y15: 1 | Z15: =E15 -> 1661.14 | AA15: =F15 -> 1660.8 | AB15: =AA15+Q15 -> 1661.27
B16: K1+100 | C16: 1100 | D16: 1660.605 | E16: =ROUND(D16,2) -> 1660.61 | F16: =ROUND(F15-(C16-C15)*H15,2) -> 1660.3 | G16: =E16-F16 -> 0.31 | H16: 0.005 | K16: =C16 -> 1100 | L16: =ROUND(M16*1.3,2) -> 0.9 | M16: =M15 -> 0.69 | N16: =ROUND(L16/W16,2) -> 1.96 | O16: =ROUND(M16/V16,2) -> 1.73 | P16: =P15 -> 0.56 | Q16: =Q15 -> 0.47 | R16: 0.015 | S16: =H16 -> 0.005 | T16: ="1/"&ROUND(1/S16,0) -> 1/200 | U16: U100 | V16: =V15 -> 0.4 | W16: =W15 -> 0.46 | X16: =Y16-P16 -> 0.44 | Y16: 1 | Z16: =E16 -> 1660.61 | AA16: =F16 -> 1660.3 | AB16: =AA16+Q16 -> 1660.77
B17: K1+200 | C17: 1200 | D17: 1660.166 | E17: =ROUND(D17,2) -> 1660.17 | F17: =ROUND(F16-(C17-C16)*H16,2) -> 1659.8 | G17: =E17-F17 -> 0.37 | H17: 0.005 | K17: =C17 -> 1200 | L17: =ROUND(M17*1.3,2) -> 0.9 | M17: =M16 -> 0.69 | N17: =ROUND(L17/W17,2) -> 1.96 | O17: =ROUND(M17/V17,2) -> 1.73 | P17: =P16 -> 0.56 | Q17: =Q16 -> 0.47 | R17: 0.015 | S17: =H17 -> 0.005 | T17: ="1/"&ROUND(1/S17,0) -> 1/200 | U17: U100 | V17: =V16 -> 0.4 | W17: =W16 -> 0.46 | X17: =Y17-P17 -> 0.44 | Y17: 1 | Z17: =E17 -> 1660.17 | AA17: =F17 -> 1659.8 | AB17: =AA17+Q17 -> 1660.27
B18: K1+300 | C18: 1300 | D18: 1659.643 | E18: =ROUND(D18,2) -> 1659.64 | F18: =ROUND(F17-(C18-C17)*H17,2) -> 1659.3 | G18: =E18-F18 -> 0.34 | H18: 0.005 | K18: =C18 -> 1300 | L18: =ROUND(M18*1.3,2) -> 0.9 | M18: =M17 -> 0.69 | N18: =ROUND(L18/W18,2) -> 1.96 | O18: =ROUND(M18/V18,2) -> 1.73 | P18: =P17 -> 0.56 | Q18: =Q17 -> 0.47 | R18: 0.015 | S18: =H18 -> 0.005 | T18: ="1/"&ROUND(1/S18,0) -> 1/200 | U18: U100 | V18: =V17 -> 0.4 | W18: =W17 -> 0.46 | X18: =Y18-P18 -> 0.44 | Y18: 1 | Z18: =E18 -> 1659.64 | AA18: =F18 -> 1659.3 | AB18: =AA18+Q18 -> 1659.77
B19: K1+400 | C19: 1400 | D19: 1659.098 | E19: =ROUND(D19,2) -> 1659.1 | F19: =ROUND(F18-(C19-C18)*H18,2) -> 1658.8 | G19: =E19-F19 -> 0.3 | H19: 0.005 | K19: =C19 -> 1400 | L19: =ROUND(M19*1.3,2) -> 0.9 | M19: =M18 -> 0.69 | N19: =ROUND(L19/W19,2) -> 1.96 | O19: =ROUND(M19/V19,2) -> 1.73 | P19: =P18 -> 0.56 | Q19: =Q18 -> 0.47 | R19: 0.015 | S19: =H19 -> 0.005 | T19: ="1/"&ROUND(1/S19,0) -> 1/200 | U19: U100 | V19: =V18 -> 0.4 | W19: =W18 -> 0.46 | X19: =Y19-P19 -> 0.44 | Y19: 1 | Z19: =E19 -> 1659.1 | AA19: =F19 -> 1658.8 | AB19: =AA19+Q19 -> 1659.27
B20: K1+500 | C20: 1500 | D20: 1658.88 | E20: =ROUND(D20,2) -> 1658.88 | F20: =ROUND(F19-(C20-C19)*H19,2) -> 1658.3 | G20: =E20-F20 -> 0.58 | H20: 0.005 | K20: =C20 -> 1500 | L20: =ROUND(M20*1.3,2) -> 0.9 | M20: =M19 -> 0.69 | N20: =ROUND(L20/W20,2) -> 1.96 | O20: =ROUND(M20/V20,2) -> 1.73 | P20: =P19 -> 0.56 | Q20: =Q19 -> 0.47 | R20: 0.015 | S20: =H20 -> 0.005 | T20: ="1/"&ROUND(1/S20,0) -> 1/200 | U20: U100 | V20: =V19 -> 0.4 | W20: =W19 -> 0.46 | X20: =Y20-P20 -> 0.44 | Y20: 1 | Z20: =E20 -> 1658.88 | AA20: =F20 -> 1658.3 | AB20: =AA20+Q20 -> 1658.77
B21: K1+600 | C21: 1600 | D21: 1658.326 | E21: =ROUND(D21,2) -> 1658.33 | F21: =ROUND(F20-(C21-C20)*H20,2) -> 1657.8 | G21: =E21-F21 -> 0.53 | H21: 0.005 | K21: =C21 -> 1600 | L21: =ROUND(M21*1.3,2) -> 0.9 | M21: =M20 -> 0.69 | N21: =ROUND(L21/W21,2) -> 1.96 | O21: =ROUND(M21/V21,2) -> 1.73 | P21: =P20 -> 0.56 | Q21: =Q20 -> 0.47 | R21: 0.015 | S21: =H21 -> 0.005 | T21: ="1/"&ROUND(1/S21,0) -> 1/200 | U21: U100 | V21: =V20 -> 0.4 | W21: =W20 -> 0.46 | X21: =Y21-P21 -> 0.44 | Y21: 1 | Z21: =E21 -> 1658.33 | AA21: =F21 -> 1657.8 | AB21: =AA21+Q21 -> 1658.27
B22: K1+700 | C22: 1700 | D22: 1657.803 | E22: =ROUND(D22,2) -> 1657.8 | F22: =ROUND(F21-(C22-C21)*H21,2) -> 1657.3 | G22: =E22-F22 -> 0.5 | H22: 0.005 | J22: 1-2-3斗渠 | K22: =C22 -> 1700 | L22: =ROUND(M22*1.3,2) -> 0.9 | M22: =M21 -> 0.69 | N22: =ROUND(L22/W22,2) -> 1.96 | O22: =ROUND(M22/V22,2) -> 1.73 | P22: =P21 -> 0.56 | Q22: =Q21 -> 0.47 | R22: 0.015 | S22: =H22 -> 0.005 | T22: ="1/"&ROUND(1/S22,0) -> 1/200 | U22: U100 | V22: =V21 -> 0.4 | W22: =W21 -> 0.46 | X22: =Y22-P22 -> 0.44 | Y22: 1 | Z22: =E22 -> 1657.8 | AA22: =F22 -> 1657.3 | AB22: =AA22+Q22 -> 1657.77
B23: K1+800 | C23: 1800 | D23: 1657.413 | E23: =ROUND(D23,2) -> 1657.41 | F23: =ROUND(F22-(C23-C22)*H22,2) -> 1656.8 | G23: =E23-F23 -> 0.61 | H23: 0.003 | K23: =C23 -> 1800 | L23: =ROUND(M23*1.3,2) -> 0.9 | M23: =M22 -> 0.69 | N23: =ROUND(L23/W23,2) -> 1.64 | O23: =ROUND(M23/V23,2) -> 1.5 | P23: 0.65 | Q23: 0.56 | R23: 0.015 | S23: =H23 -> 0.003 | T23: ="1/"&ROUND(1/S23,0) -> 1/333 | U23: U100 | V23: 0.46 | W23: 0.55 | X23: =Y23-P23 -> 0.35 | Y23: 1 | Z23: =E23 -> 1657.41 | AA23: =F23 -> 1656.8 | AB23: =AA23+Q23 -> 1657.36
B24: K1+900 | C24: 1900 | D24: 1656.811 | E24: =ROUND(D24,2) -> 1656.81 | F24: =ROUND(F23-(C24-C23)*H23,2) -> 1656.5 | G24: =E24-F24 -> 0.31 | H24: 0.003 | K24: =C24 -> 1900 | L24: =ROUND(M24*1.3,2) -> 0.9 | M24: =M23 -> 0.69 | N24: =ROUND(L24/W24,2) -> 1.64 | O24: =ROUND(M24/V24,2) -> 1.5 | P24: =P23 -> 0.65 | Q24: =Q23 -> 0.56 | R24: 0.015 | S24: =H24 -> 0.003 | T24: ="1/"&ROUND(1/S24,0) -> 1/333 | U24: U100 | V24: =V23 -> 0.46 | W24: =W23 -> 0.55 | X24: =Y24-P24 -> 0.35 | Y24: 1 | Z24: =E24 -> 1656.81 | AA24: =F24 -> 1656.5 | AB24: =AA24+Q24 -> 1657.06
B25: K2+000 | C25: 2000 | D25: 1656.318 | E25: =ROUND(D25,2) -> 1656.32 | F25: =ROUND(F24-(C25-C24)*H24,2) -> 1656.2 | G25: =E25-F25 -> 0.12 | H25: 0.003 | K25: =C25 -> 2000 | L25: =ROUND(M25*1.3,2) -> 0.9 | M25: =M24 -> 0.69 | N25: =ROUND(L25/W25,2) -> 1.64 | O25: =ROUND(M25/V25,2) -> 1.5 | P25: =P24 -> 0.65 | Q25: =Q24 -> 0.56 | R25: 0.015 | S25: =H25 -> 0.003 | T25: ="1/"&ROUND(1/S25,0) -> 1/333 | U25: U100 | V25: =V24 -> 0.46 | W25: =W24 -> 0.55 | X25: =Y25-P25 -> 0.35 | Y25: 1 | Z25: =E25 -> 1656.32 | AA25: =F25 -> 1656.2 | AB25: =AA25+Q25 -> 1656.76
B26: K2+100 | C26: 2100 | D26: 1656.016 | E26: =ROUND(D26,2) -> 1656.02 | F26: =ROUND(F25-(C26-C25)*H25,2) -> 1655.9 | G26: =E26-F26 -> 0.12 | H26: 0.003 | K26: =C26 -> 2100 | L26: =ROUND(M26*1.3,2) -> 0.9 | M26: =M25 -> 0.69 | N26: =ROUND(L26/W26,2) -> 1.64 | O26: =ROUND(M26/V26,2) -> 1.5 | P26: =P25 -> 0.65 | Q26: =Q25 -> 0.56 | R26: 0.015 | S26: =H26 -> 0.003 | T26: ="1/"&ROUND(1/S26,0) -> 1/333 | U26: U100 | V26: =V25 -> 0.46 | W26: =W25 -> 0.55 | X26: =Y26-P26 -> 0.35 | Y26: 1 | Z26: =E26 -> 1656.02 | AA26: =F26 -> 1655.9 | AB26: =AA26+Q26 -> 1656.46
B27: K2+200 | C27: 2200 | D27: 1656.092 | E27: =ROUND(D27,2) -> 1656.09 | F27: =ROUND(F26-(C27-C26)*H26,2) -> 1655.6 | G27: =E27-F27 -> 0.49 | H27: 0.003 | K27: =C27 -> 2200 | L27: =ROUND(M27*1.3,2) -> 0.9 | M27: =M26 -> 0.69 | N27: =ROUND(L27/W27,2) -> 1.64 | O27: =ROUND(M27/V27,2) -> 1.5 | P27: =P26 -> 0.65 | Q27: =Q26 -> 0.56 | R27: 0.015 | S27: =H27 -> 0.003 | T27: ="1/"&ROUND(1/S27,0) -> 1/333 | U27: U100 | V27: =V26 -> 0.46 | W27: =W26 -> 0.55 | X27: =Y27-P27 -> 0.35 | Y27: 1 | Z27: =E27 -> 1656.09 | AA27: =F27 -> 1655.6 | AB27: =AA27+Q27 -> 1656.16
B28: K2+300 | C28: 2300 | D28: 1655.637 | E28: =ROUND(D28,2) -> 1655.64 | F28: =ROUND(F27-(C28-C27)*H27,2) -> 1655.3 | G28: =E28-F28 -> 0.34 | H28: 0.003 | K28: =C28 -> 2300 | L28: =ROUND(M28*1.3,2) -> 0.9 | M28: =M27 -> 0.69 | N28: =ROUND(L28/W28,2) -> 1.64 | O28: =ROUND(M28/V28,2) -> 1.5 | P28: =P27 -> 0.65 | Q28: =Q27 -> 0.56 | R28: 0.015 | S28: =H28 -> 0.003 | T28: ="1/"&ROUND(1/S28,0) -> 1/333 | U28: U100 | V28: =V27 -> 0.46 | W28: =W27 -> 0.55 | X28: =Y28-P28 -> 0.35 | Y28: 1 | Z28: =E28 -> 1655.64 | AA28: =F28 -> 1655.3 | AB28: =AA28+Q28 -> 1655.86
B29: K2+400 | C29: 2400 | D29: 1655.235 | E29: =ROUND(D29,2) -> 1655.24 | F29: =ROUND(F28-(C29-C28)*H28,2) -> 1655 | G29: =E29-F29 -> 0.24 | H29: 0.003 | K29: =C29 -> 2400 | L29: =ROUND(M29*1.3,2) -> 0.9 | M29: =M28 -> 0.69 | N29: =ROUND(L29/W29,2) -> 1.64 | O29: =ROUND(M29/V29,2) -> 1.5 | P29: =P28 -> 0.65 | Q29: =Q28 -> 0.56 | R29: 0.015 | S29: =H29 -> 0.003 | T29: ="1/"&ROUND(1/S29,0) -> 1/333 | U29: U100 | V29: =V28 -> 0.46 | W29: =W28 -> 0.55 | X29: =Y29-P29 -> 0.35 | Y29: 1 | Z29: =E29 -> 1655.24 | AA29: =F29 -> 1655 | AB29: =AA29+Q29 -> 1655.56
B30: K2+500 | C30: 2500 | D30: 1655.127 | E30: =ROUND(D30,2) -> 1655.13 | F30: =ROUND(F29-(C30-C29)*H29,2) -> 1654.7 | G30: =E30-F30 -> 0.43 | H30: 0.003 | K30: =C30 -> 2500 | L30: =ROUND(M30*1.3,2) -> 0.9 | M30: =M29 -> 0.69 | N30: =ROUND(L30/W30,2) -> 1.64 | O30: =ROUND(M30/V30,2) -> 1.5 | P30: =P29 -> 0.65 | Q30: =Q29 -> 0.56 | R30: 0.015 | S30: =H30 -> 0.003 | T30: ="1/"&ROUND(1/S30,0) -> 1/333 | U30: U100 | V30: =V29 -> 0.46 | W30: =W29 -> 0.55 | X30: =Y30-P30 -> 0.35 | Y30: 1 | Z30: =E30 -> 1655.13 | AA30: =F30 -> 1654.7 | AB30: =AA30+Q30 -> 1655.26
B31: K2+600 | C31: 2600 | D31: 1654.838 | E31: =ROUND(D31,2) -> 1654.84 | F31: =ROUND(F30-(C31-C30)*H30,2) -> 1654.4 | G31: =E31-F31 -> 0.44 | H31: 0.003 | J31: 1-2-4斗渠 | K31: =C31 -> 2600 | L31: =ROUND(M31*1.3,2) -> 0.9 | M31: =M30 -> 0.69 | N31: =ROUND(L31/W31,2) -> 1.64 | O31: =ROUND(M31/V31,2) -> 1.5 | P31: =P30 -> 0.65 | Q31: =Q30 -> 0.56 | R31: 0.015 | S31: =H31 -> 0.003 | T31: ="1/"&ROUND(1/S31,0) -> 1/333 | U31: U100 | V31: =V30 -> 0.46 | W31: =W30 -> 0.55 | X31: =Y31-P31 -> 0.35 | Y31: 1 | Z31: =E31 -> 1654.84 | AA31: =F31 -> 1654.4 | AB31: =AA31+Q31 -> 1654.96
B32: K2+700 | C32: 2700 | D32: 1654.499 | E32: =ROUND(D32,2) -> 1654.5 | F32: =ROUND(F31-(C32-C31)*H31,2) -> 1654.1 | G32: =E32-F32 -> 0.4 | H32: 0.003 | K32: =C32 -> 2700 | L32: =ROUND(M32*1.3,2) -> 0.9 | M32: =M31 -> 0.69 | N32: =ROUND(L32/W32,2) -> 1.64 | O32: =ROUND(M32/V32,2) -> 1.5 | P32: 0.54 | Q32: 0.47 | R32: 0.015 | S32: =H32 -> 0.003 | T32: ="1/"&ROUND(1/S32,0) -> 1/333 | U32: U100 | V32: =V31 -> 0.46 | W32: =W31 -> 0.55 | X32: =Y32-P32 -> 0.46 | Y32: 1 | Z32: =E32 -> 1654.5 | AA32: =F32 -> 1654.1 | AB32: =AA32+Q32 -> 1654.57
B33: K2+800 | C33: 2800 | D33: 1654.185 | E33: =ROUND(D33,2) -> 1654.19 | F33: =ROUND(F32-(C33-C32)*H32,2) -> 1653.8 | G33: =E33-F33 -> 0.39 | H33: 0.003 | K33: =C33 -> 2800 | L33: =ROUND(M33*1.3,2) -> 0.9 | M33: =M32 -> 0.69 | N33: =ROUND(L33/W33,2) -> 1.64 | O33: =ROUND(M33/V33,2) -> 1.5 | P33: =P32 -> 0.54 | Q33: =Q32 -> 0.47 | R33: 0.015 | S33: =H33 -> 0.003 | T33: ="1/"&ROUND(1/S33,0) -> 1/333 | U33: U100 | V33: =V32 -> 0.46 | W33: =W32 -> 0.55 | X33: =Y33-P33 -> 0.46 | Y33: 1 | Z33: =E33 -> 1654.19 | AA33: =F33 -> 1653.8 | AB33: =AA33+Q33 -> 1654.27
B34: K2+900 | C34: 2900 | D34: 1653.998 | E34: =ROUND(D34,2) -> 1654 | F34: =ROUND(F33-(C34-C33)*H33,2) -> 1653.5 | G34: =E34-F34 -> 0.5 | H34: 0.003 | K34: =C34 -> 2900 | L34: =ROUND(M34*1.3,2) -> 0.9 | M34: =M33 -> 0.69 | N34: =ROUND(L34/W34,2) -> 1.64 | O34: =ROUND(M34/V34,2) -> 1.5 | P34: =P33 -> 0.54 | Q34: =Q33 -> 0.47 | R34: 0.015 | S34: =H34 -> 0.003 | T34: ="1/"&ROUND(1/S34,0) -> 1/333 | U34: U100 | V34: =V33 -> 0.46 | W34: =W33 -> 0.55 | X34: =Y34-P34 -> 0.46 | Y34: 1 | Z34: =E34 -> 1654 | AA34: =F34 -> 1653.5 | AB34: =AA34+Q34 -> 1653.97
B35: K3+000 | C35: 3000 | D35: 1653.677 | E35: =ROUND(D35,2) -> 1653.68 | F35: =ROUND(F34-(C35-C34)*H34,2) -> 1653.2 | G35: =E35-F35 -> 0.48 | H35: 0.003 | K35: =C35 -> 3000 | L35: =ROUND(M35*1.3,2) -> 0.9 | M35: =M34 -> 0.69 | N35: =ROUND(L35/W35,2) -> 1.64 | O35: =ROUND(M35/V35,2) -> 1.5 | P35: =P34 -> 0.54 | Q35: =Q34 -> 0.47 | R35: 0.015 | S35: =H35 -> 0.003 | T35: ="1/"&ROUND(1/S35,0) -> 1/333 | U35: U100 | V35: =V34 -> 0.46 | W35: =W34 -> 0.55 | X35: =Y35-P35 -> 0.46 | Y35: 1 | Z35: =E35 -> 1653.68 | AA35: =F35 -> 1653.2 | AB35: =AA35+Q35 -> 1653.67
B36: K3+100 | C36: 3100 | D36: 1653.4 | E36: =ROUND(D36,2) -> 1653.4 | F36: =ROUND(F35-(C36-C35)*H35,2) -> 1652.9 | G36: =E36-F36 -> 0.5 | H36: 0.003 | K36: =C36 -> 3100 | L36: =ROUND(M36*1.3,2) -> 0.9 | M36: =M35 -> 0.69 | N36: =ROUND(L36/W36,2) -> 1.64 | O36: =ROUND(M36/V36,2) -> 1.5 | P36: =P35 -> 0.54 | Q36: =Q35 -> 0.47 | R36: 0.015 | S36: =H36 -> 0.003 | T36: ="1/"&ROUND(1/S36,0) -> 1/333 | U36: U100 | V36: =V35 -> 0.46 | W36: =W35 -> 0.55 | X36: =Y36-P36 -> 0.46 | Y36: 1 | Z36: =E36 -> 1653.4 | AA36: =F36 -> 1652.9 | AB36: =AA36+Q36 -> 1653.37
B37: K3+200 | C37: 3200 | D37: 1652.88 | E37: =ROUND(D37,2) -> 1652.88 | F37: =ROUND(F36-(C37-C36)*H36,2) -> 1652.6 | G37: =E37-F37 -> 0.28 | H37: 0.002 | K37: =C37 -> 3200 | L37: =ROUND(M37*1.3,2) -> 0.9 | M37: =M36 -> 0.69 | N37: =ROUND(L37/W37,2) -> 1.64 | O37: =ROUND(M37/V37,2) -> 1.5 | P37: 0.67 | Q37: 0.58 | R37: 0.015 | S37: =H37 -> 0.002 | T37: ="1/"&ROUND(1/S37,0) -> 1/500 | U37: U100 | V37: =V36 -> 0.46 | W37: =W36 -> 0.55 | X37: =Y37-P37 -> 0.33 | Y37: 1 | Z37: =E37 -> 1652.88 | AA37: =F37 -> 1652.6 | AB37: =AA37+Q37 -> 1653.18
B38: K3+300 | C38: 3300 | D38: 1652.689 | E38: =ROUND(D38,2) -> 1652.69 | F38: =ROUND(F37-(C38-C37)*H37,2) -> 1652.4 | G38: =E38-F38 -> 0.29 | H38: 0.002 | K38: =C38 -> 3300 | L38: =ROUND(M38*1.3,2) -> 0.9 | M38: =M37 -> 0.69 | N38: =ROUND(L38/W38,2) -> 1.64 | O38: =ROUND(M38/V38,2) -> 1.5 | P38: =P37 -> 0.67 | Q38: =Q37 -> 0.58 | R38: 0.015 | S38: =H38 -> 0.002 | T38: ="1/"&ROUND(1/S38,0) -> 1/500 | U38: U100 | V38: =V37 -> 0.46 | W38: =W37 -> 0.55 | X38: =Y38-P38 -> 0.33 | Y38: 1 | Z38: =E38 -> 1652.69 | AA38: =F38 -> 1652.4 | AB38: =AA38+Q38 -> 1652.98
B39: K3+400 | C39: 3400 | D39: 1652.209 | E39: =ROUND(D39,2) -> 1652.21 | F39: =ROUND(F38-(C39-C38)*H38,2) -> 1652.2 | G39: =E39-F39 -> 0.01 | H39: 0.002 | K39: =C39 -> 3400 | L39: =ROUND(M39*1.3,2) -> 0.9 | M39: =M38 -> 0.69 | N39: =ROUND(L39/W39,2) -> 1.64 | O39: =ROUND(M39/V39,2) -> 1.5 | P39: =P38 -> 0.67 | Q39: =Q38 -> 0.58 | R39: 0.015 | S39: =H39 -> 0.002 | T39: ="1/"&ROUND(1/S39,0) -> 1/500 | U39: U100 | V39: =V38 -> 0.46 | W39: =W38 -> 0.55 | X39: =Y39-P39 -> 0.33 | Y39: 1 | Z39: =E39 -> 1652.21 | AA39: =F39 -> 1652.2 | AB39: =AA39+Q39 -> 1652.78
B40: K3+500 | C40: 3500 | D40: 1652.071 | E40: =ROUND(D40,2) -> 1652.07 | F40: =ROUND(F39-(C40-C39)*H39,2) -> 1652 | G40: =E40-F40 -> 0.07 | H40: 0.002 | K40: =C40 -> 3500 | L40: =ROUND(M40*1.3,2) -> 0.9 | M40: =M39 -> 0.69 | N40: =ROUND(L40/W40,2) -> 1.64 | O40: =ROUND(M40/V40,2) -> 1.5 | P40: =P39 -> 0.67 | Q40: =Q39 -> 0.58 | R40: 0.015 | S40: =H40 -> 0.002 | T40: ="1/"&ROUND(1/S40,0) -> 1/500 | U40: U100 | V40: =V39 -> 0.46 | W40: =W39 -> 0.55 | X40: =Y40-P40 -> 0.33 | Y40: 1 | Z40: =E40 -> 1652.07 | AA40: =F40 -> 1652 | AB40: =AA40+Q40 -> 1652.58
B41: K3+600 | C41: 3600 | D41: 1652.065 | E41: =ROUND(D41,2) -> 1652.07 | F41: =ROUND(F40-(C41-C40)*H40,2) -> 1651.8 | G41: =E41-F41 -> 0.27 | H41: 0.002 | J41: 1-2-5斗渠 | K41: =C41 -> 3600 | L41: =ROUND(M41*1.3,2) -> 0.9 | M41: =M40 -> 0.69 | N41: =ROUND(L41/W41,2) -> 1.64 | O41: =ROUND(M41/V41,2) -> 1.5 | P41: =P40 -> 0.67 | Q41: =Q40 -> 0.58 | R41: 0.015 | S41: =H41 -> 0.002 | T41: ="1/"&ROUND(1/S41,0) -> 1/500 | U41: U100 | V41: =V40 -> 0.46 | W41: =W40 -> 0.55 | X41: =Y41-P41 -> 0.33 | Y41: 1 | Z41: =E41 -> 1652.07 | AA41: =F41 -> 1651.8 | AB41: =AA41+Q41 -> 1652.38
B42: K3+700 | C42: 3700 | D42: 1651.945 | E42: =ROUND(D42,2) -> 1651.95 | F42: =ROUND(F41-(C42-C41)*H41,2) -> 1651.6 | G42: =E42-F42 -> 0.35 | H42: 0.002 | K42: =C42 -> 3700 | L42: =ROUND(M42*1.3,2) -> 0.61 | M42: 0.47 | N42: =ROUND(L42/W42,2) -> 1.45 | O42: =ROUND(M42/V42,2) -> 1.34 | P42: 0.59 | Q42: 0.52 | R42: 0.015 | S42: =H42 -> 0.002 | T42: ="1/"&ROUND(1/S42,0) -> 1/500 | U42: U80 | V42: 0.35 | W42: 0.42 | X42: =Y42-P42 -> 0.21 | Y42: 0.8 | Z42: =E42 -> 1651.95 | AA42: =F42 -> 1651.6 | AB42: =AA42+Q42 -> 1652.12
B43: K3+800 | C43: 3800 | D43: 1651.824 | E43: =ROUND(D43,2) -> 1651.82 | F43: =ROUND(F42-(C43-C42)*H42,2) -> 1651.4 | G43: =E43-F43 -> 0.42 | H43: 0.002 | K43: =C43 -> 3800 | L43: =ROUND(M43*1.3,2) -> 0.61 | M43: =M42 -> 0.47 | N43: =ROUND(L43/W43,2) -> 1.45 | O43: =ROUND(M43/V43,2) -> 1.34 | P43: =P42 -> 0.59 | Q43: =Q42 -> 0.52 | R43: 0.015 | S43: =H43 -> 0.002 | T43: ="1/"&ROUND(1/S43,0) -> 1/500 | U43: U80 | V43: =V42 -> 0.35 | W43: =W42 -> 0.42 | X43: =Y43-P43 -> 0.21 | Y43: 0.8 | Z43: =E43 -> 1651.82 | AA43: =F43 -> 1651.4 | AB43: =AA43+Q43 -> 1651.92
B44: K3+900 | C44: 3900 | D44: 1651.731 | E44: =ROUND(D44,2) -> 1651.73 | F44: =ROUND(F138-(C44-C138)*H138,2) -> 1651.2 | G44: =E44-F44 -> 0.53 | H44: 0.002 | K44: =C44 -> 3900 | L44: =ROUND(M44*1.3,2) -> 0.61 | M44: =M43 -> 0.47 | N44: =ROUND(L44/W44,2) -> 1.45 | O44: =ROUND(M44/V44,2) -> 1.34 | P44: =P43 -> 0.59 | Q44: =Q43 -> 0.52 | R44: 0.015 | S44: =H44 -> 0.002 | T44: ="1/"&ROUND(1/S44,0) -> 1/500 | U44: U80 | V44: =V43 -> 0.35 | W44: =W43 -> 0.42 | X44: =Y44-P44 -> 0.21 | Y44: 0.8 | Z44: =E44 -> 1651.73 | AA44: =F44 -> 1651.2 | AB44: =AA44+Q44 -> 1651.72
B45: K4+000 | C45: 4000 | D45: 1651.523 | E45: =ROUND(D45,2) -> 1651.52 | F45: =ROUND(F44-(C45-C44)*H44,2) -> 1651 | G45: =E45-F45 -> 0.52 | H45: 0.002 | K45: =C45 -> 4000 | L45: =ROUND(M45*1.3,2) -> 0.61 | M45: =M44 -> 0.47 | N45: =ROUND(L45/W45,2) -> 1.45 | O45: =ROUND(M45/V45,2) -> 1.34 | P45: =P44 -> 0.59 | Q45: =Q44 -> 0.52 | R45: 0.015 | S45: =H45 -> 0.002 | T45: ="1/"&ROUND(1/S45,0) -> 1/500 | U45: U80 | V45: =V44 -> 0.35 | W45: =W44 -> 0.42 | X45: =Y45-P45 -> 0.21 | Y45: 0.8 | Z45: =E45 -> 1651.52 | AA45: =F45 -> 1651 | AB45: =AA45+Q45 -> 1651.52
B46: K4+100 | C46: 4100 | D46: 1651.244 | E46: =ROUND(D46,2) -> 1651.24 | F46: =ROUND(F45-(C46-C45)*H45,2) -> 1650.8 | G46: =E46-F46 -> 0.44 | H46: 0.002 | K46: =C46 -> 4100 | L46: =ROUND(M46*1.3,2) -> 0.61 | M46: =M45 -> 0.47 | N46: =ROUND(L46/W46,2) -> 1.45 | O46: =ROUND(M46/V46,2) -> 1.34 | P46: =P45 -> 0.59 | Q46: =Q45 -> 0.52 | R46: 0.015 | S46: =H46 -> 0.002 | T46: ="1/"&ROUND(1/S46,0) -> 1/500 | U46: U80 | V46: =V45 -> 0.35 | W46: =W45 -> 0.42 | X46: =Y46-P46 -> 0.21 | Y46: 0.8 | Z46: =E46 -> 1651.24 | AA46: =F46 -> 1650.8 | AB46: =AA46+Q46 -> 1651.32
B47: K4+200 | C47: 4200 | D47: 1650.897 | E47: =ROUND(D47,2) -> 1650.9 | F47: =ROUND(F46-(C47-C46)*H46,2) -> 1650.6 | G47: =E47-F47 -> 0.3 | H47: 0.002 | K47: =C47 -> 4200 | L47: =ROUND(M47*1.3,2) -> 0.61 | M47: =M46 -> 0.47 | N47: =ROUND(L47/W47,2) -> 1.45 | O47: =ROUND(M47/V47,2) -> 1.34 | P47: =P46 -> 0.59 | Q47: =Q46 -> 0.52 | R47: 0.015 | S47: =H47 -> 0.002 | T47: ="1/"&ROUND(1/S47,0) -> 1/500 | U47: U80 | V47: =V46 -> 0.35 | W47: =W46 -> 0.42 | X47: =Y47-P47 -> 0.21 | Y47: 0.8 | Z47: =E47 -> 1650.9 | AA47: =F47 -> 1650.6 | AB47: =AA47+Q47 -> 1651.12
B48: K4+300 | C48: 4300 | D48: 1650.524 | E48: =ROUND(D48,2) -> 1650.52 | F48: =ROUND(F47-(C48-C47)*H47,2) -> 1650.4 | G48: =E48-F48 -> 0.12 | H48: 0.002 | K48: =C48 -> 4300 | L48: =ROUND(M48*1.3,2) -> 0.61 | M48: =M47 -> 0.47 | N48: =ROUND(L48/W48,2) -> 1.45 | O48: =ROUND(M48/V48,2) -> 1.34 | P48: =P47 -> 0.59 | Q48: =Q47 -> 0.52 | R48: 0.015 | S48: =H48 -> 0.002 | T48: ="1/"&ROUND(1/S48,0) -> 1/500 | U48: U80 | V48: =V47 -> 0.35 | W48: =W47 -> 0.42 | X48: =Y48-P48 -> 0.21 | Y48: 0.8 | Z48: =E48 -> 1650.52 | AA48: =F48 -> 1650.4 | AB48: =AA48+Q48 -> 1650.92
B49: K4+400 | C49: 4400 | D49: 1650.234 | E49: =ROUND(D49,2) -> 1650.23 | F49: =ROUND(F48-(C49-C48)*H48,2) -> 1650.2 | G49: =E49-F49 -> 0.03 | H49: 0.002 | K49: =C49 -> 4400 | L49: =ROUND(M49*1.3,2) -> 0.61 | M49: =M48 -> 0.47 | N49: =ROUND(L49/W49,2) -> 1.45 | O49: =ROUND(M49/V49,2) -> 1.34 | P49: =P48 -> 0.59 | Q49: =Q48 -> 0.52 | R49: 0.015 | S49: =H49 -> 0.002 | T49: ="1/"&ROUND(1/S49,0) -> 1/500 | U49: U80 | V49: =V48 -> 0.35 | W49: =W48 -> 0.42 | X49: =Y49-P49 -> 0.21 | Y49: 0.8 | Z49: =E49 -> 1650.23 | AA49: =F49 -> 1650.2 | AB49: =AA49+Q49 -> 1650.72
B50: K4+500 | C50: 4500 | D50: 1649.956 | E50: =ROUND(D50,2) -> 1649.96 | F50: =ROUND(F49-(C50-C49)*H49,2) -> 1650 | G50: =E50-F50 -> -0.04 | H50: 0.002 | K50: =C50 -> 4500 | L50: =ROUND(M50*1.3,2) -> 0.61 | M50: =M49 -> 0.47 | N50: =ROUND(L50/W50,2) -> 1.45 | O50: =ROUND(M50/V50,2) -> 1.34 | P50: =P49 -> 0.59 | Q50: =Q49 -> 0.52 | R50: 0.015 | S50: =H50 -> 0.002 | T50: ="1/"&ROUND(1/S50,0) -> 1/500 | U50: U80 | V50: =V49 -> 0.35 | W50: =W49 -> 0.42 | X50: =Y50-P50 -> 0.21 | Y50: 0.8 | Z50: =E50 -> 1649.96 | AA50: =F50 -> 1650 | AB50: =AA50+Q50 -> 1650.52
B51: K4+600 | C51: 4600 | D51: 1649.883 | E51: =ROUND(D51,2) -> 1649.88 | F51: =ROUND(F50-(C51-C50)*H50,2) -> 1649.8 | G51: =E51-F51 -> 0.08 | H51: 0.002 | K51: =C51 -> 4600 | L51: =ROUND(M51*1.3,2) -> 0.61 | M51: =M50 -> 0.47 | N51: =ROUND(L51/W51,2) -> 1.45 | O51: =ROUND(M51/V51,2) -> 1.34 | P51: =P50 -> 0.59 | Q51: =Q50 -> 0.52 | R51: 0.015 | S51: =H51 -> 0.002 | T51: ="1/"&ROUND(1/S51,0) -> 1/500 | U51: U80 | V51: =V50 -> 0.35 | W51: =W50 -> 0.42 | X51: =Y51-P51 -> 0.21 | Y51: 0.8 | Z51: =E51 -> 1649.88 | AA51: =F51 -> 1649.8 | AB51: =AA51+Q51 -> 1650.32
B52: K4+700 | C52: 4700 | D52: 1649.659 | E52: =ROUND(D52,2) -> 1649.66 | F52: =ROUND(F51-(C52-C51)*H51,2) -> 1649.6 | G52: =E52-F52 -> 0.06 | H52: 0.002 | J52: 1-2-6斗渠 | K52: =C52 -> 4700 | L52: =ROUND(M52*1.3,2) -> 0.61 | M52: =M51 -> 0.47 | N52: =ROUND(L52/W52,2) -> 1.45 | O52: =ROUND(M52/V52,2) -> 1.34 | P52: =P51 -> 0.59 | Q52: =Q51 -> 0.52 | R52: 0.015 | S52: =H52 -> 0.002 | T52: ="1/"&ROUND(1/S52,0) -> 1/500 | U52: U80 | V52: =V51 -> 0.35 | W52: =W51 -> 0.42 | X52: =Y52-P52 -> 0.21 | Y52: 0.8 | Z52: =E52 -> 1649.66 | AA52: =F52 -> 1649.6 | AB52: =AA52+Q52 -> 1650.12
B53: K4+800 | C53: 4800 | D53: 1649.329 | E53: =ROUND(D53,2) -> 1649.33 | F53: =ROUND(F52-(C53-C52)*H52,2) -> 1649.4 | G53: =E53-F53 -> -0.07 | H53: 0.002 | I53: =0.4/0.185*0.217 -> 0.46918919 | K53: =C53 -> 4800 | L53: =ROUND(M53*1.3,2) -> 0.61 | M53: =M52 -> 0.47 | N53: =ROUND(L53/W53,2) -> 1.45 | O53: =ROUND(M53/V53,2) -> 1.34 | P53: =P52 -> 0.59 | Q53: =Q52 -> 0.52 | R53: 0.015 | S53: =H53 -> 0.002 | T53: ="1/"&ROUND(1/S53,0) -> 1/500 | U53: U80 | V53: =V52 -> 0.35 | W53: =W52 -> 0.42 | X53: =Y53-P53 -> 0.21 | Y53: 0.8 | Z53: =E53 -> 1649.33 | AA53: =F53 -> 1649.4 | AB53: =AA53+Q53 -> 1649.92
B54: K4+900 | C54: 4900 | D54: 1649.466 | E54: =ROUND(D54,2) -> 1649.47 | F54: =ROUND(F53-(C54-C53)*H53,2) -> 1649.2 | G54: =E54-F54 -> 0.27 | H54: 0.002 | K54: =C54 -> 4900 | L54: =ROUND(M54*1.3,2) -> 0.61 | M54: =M53 -> 0.47 | N54: =ROUND(L54/W54,2) -> 1.45 | O54: =ROUND(M54/V54,2) -> 1.34 | P54: =P53 -> 0.59 | Q54: =Q53 -> 0.52 | R54: 0.015 | S54: =H54 -> 0.002 | T54: ="1/"&ROUND(1/S54,0) -> 1/500 | U54: U80 | V54: =V53 -> 0.35 | W54: =W53 -> 0.42 | X54: =Y54-P54 -> 0.21 | Y54: 0.8 | Z54: =E54 -> 1649.47 | AA54: =F54 -> 1649.2 | AB54: =AA54+Q54 -> 1649.72
B55: K5+000 | C55: 5000 | D55: 1649.134 | E55: =ROUND(D55,2) -> 1649.13 | F55: =ROUND(F54-(C55-C54)*H54,2) -> 1649 | G55: =E55-F55 -> 0.13 | H55: 0.003 | K55: =C55 -> 5000 | L55: =ROUND(M55*1.3,2) -> 0.61 | M55: =M54 -> 0.47 | N55: =ROUND(L55/W55,2) -> 1.65 | O55: =ROUND(M55/V55,2) -> 1.57 | P55: 0.54 | Q55: 0.46 | R55: 0.015 | S55: =H55 -> 0.003 | T55: ="1/"&ROUND(1/S55,0) -> 1/333 | U55: U80 | V55: 0.3 | W55: 0.37 | X55: =Y55-P55 -> 0.26 | Y55: 0.8 | Z55: =E55 -> 1649.13 | AA55: =F55 -> 1649 | AB55: =AA55+Q55 -> 1649.46
B56: K5+100 | C56: 5100 | D56: 1648.728 | E56: =ROUND(D56,2) -> 1648.73 | F56: =ROUND(F55-(C56-C55)*H55,2) -> 1648.7 | G56: =E56-F56 -> 0.03 | H56: 0.003 | K56: =C56 -> 5100 | L56: =ROUND(M56*1.3,2) -> 0.61 | M56: =M55 -> 0.47 | N56: =ROUND(L56/W56,2) -> 1.65 | O56: =ROUND(M56/V56,2) -> 1.57 | P56: =P55 -> 0.54 | Q56: =Q55 -> 0.46 | R56: 0.015 | S56: =H56 -> 0.003 | T56: ="1/"&ROUND(1/S56,0) -> 1/333 | U56: U80 | V56: =V55 -> 0.3 | W56: =W55 -> 0.37 | X56: =Y56-P56 -> 0.26 | Y56: 0.8 | Z56: =E56 -> 1648.73 | AA56: =F56 -> 1648.7 | AB56: =AA56+Q56 -> 1649.16
B57: K5+200 | C57: 5200 | D57: 1648.511 | E57: =ROUND(D57,2) -> 1648.51 | F57: =ROUND(F56-(C57-C56)*H56,2) -> 1648.4 | G57: =E57-F57 -> 0.11 | H57: 0.003 | K57: =C57 -> 5200 | L57: =ROUND(M57*1.3,2) -> 0.61 | M57: =M56 -> 0.47 | N57: =ROUND(L57/W57,2) -> 1.65 | O57: =ROUND(M57/V57,2) -> 1.57 | P57: =P56 -> 0.54 | Q57: =Q56 -> 0.46 | R57: 0.015 | S57: =H57 -> 0.003 | T57: ="1/"&ROUND(1/S57,0) -> 1/333 | U57: U80 | V57: =V56 -> 0.3 | W57: =W56 -> 0.37 | X57: =Y57-P57 -> 0.26 | Y57: 0.8 | Z57: =E57 -> 1648.51 | AA57: =F57 -> 1648.4 | AB57: =AA57+Q57 -> 1648.86
B58: K5+300 | C58: 5300 | D58: 1648.27 | E58: =ROUND(D58,2) -> 1648.27 | F58: =ROUND(F57-(C58-C57)*H57,2) -> 1648.1 | G58: =E58-F58 -> 0.17 | H58: 0.003 | K58: =C58 -> 5300 | L58: =ROUND(M58*1.3,2) -> 0.61 | M58: =M57 -> 0.47 | N58: =ROUND(L58/W58,2) -> 1.65 | O58: =ROUND(M58/V58,2) -> 1.57 | P58: =P57 -> 0.54 | Q58: =Q57 -> 0.46 | R58: 0.015 | S58: =H58 -> 0.003 | T58: ="1/"&ROUND(1/S58,0) -> 1/333 | U58: U80 | V58: =V57 -> 0.3 | W58: =W57 -> 0.37 | X58: =Y58-P58 -> 0.26 | Y58: 0.8 | Z58: =E58 -> 1648.27 | AA58: =F58 -> 1648.1 | AB58: =AA58+Q58 -> 1648.56
B59: K5+400 | C59: 5400 | D59: 1647.863 | E59: =ROUND(D59,2) -> 1647.86 | F59: =ROUND(F58-(C59-C58)*H58,2) -> 1647.8 | G59: =E59-F59 -> 0.06 | H59: 0.003 | K59: =C59 -> 5400 | L59: =ROUND(M59*1.3,2) -> 0.61 | M59: =M58 -> 0.47 | N59: =ROUND(L59/W59,2) -> 1.65 | O59: =ROUND(M59/V59,2) -> 1.57 | P59: =P58 -> 0.54 | Q59: =Q58 -> 0.46 | R59: 0.015 | S59: =H59 -> 0.003 | T59: ="1/"&ROUND(1/S59,0) -> 1/333 | U59: U80 | V59: =V58 -> 0.3 | W59: =W58 -> 0.37 | X59: =Y59-P59 -> 0.26 | Y59: 0.8 | Z59: =E59 -> 1647.86 | AA59: =F59 -> 1647.8 | AB59: =AA59+Q59 -> 1648.26
B60: K5+500 | C60: 5500 | D60: 1647.624 | E60: =ROUND(D60,2) -> 1647.62 | F60: =ROUND(F59-(C60-C59)*H59,2) -> 1647.5 | G60: =E60-F60 -> 0.12 | H60: 0.003 | K60: =C60 -> 5500 | L60: =ROUND(M60*1.3,2) -> 0.61 | M60: =M59 -> 0.47 | N60: =ROUND(L60/W60,2) -> 1.65 | O60: =ROUND(M60/V60,2) -> 1.57 | P60: =P59 -> 0.54 | Q60: =Q59 -> 0.46 | R60: 0.015 | S60: =H60 -> 0.003 | T60: ="1/"&ROUND(1/S60,0) -> 1/333 | U60: U80 | V60: =V59 -> 0.3 | W60: =W59 -> 0.37 | X60: =Y60-P60 -> 0.26 | Y60: 0.8 | Z60: =E60 -> 1647.62 | AA60: =F60 -> 1647.5 | AB60: =AA60+Q60 -> 1647.96
B61: K5+600 | C61: 5600 | D61: 1647.448 | E61: =ROUND(D61,2) -> 1647.45 | F61: =ROUND(F60-(C61-C60)*H60,2) -> 1647.2 | G61: =E61-F61 -> 0.25 | H61: 0.003 | K61: =C61 -> 5600 | L61: =ROUND(M61*1.3,2) -> 0.61 | M61: =M60 -> 0.47 | N61: =ROUND(L61/W61,2) -> 1.65 | O61: =ROUND(M61/V61,2) -> 1.57 | P61: =P60 -> 0.54 | Q61: =Q60 -> 0.46 | R61: 0.015 | S61: =H61 -> 0.003 | T61: ="1/"&ROUND(1/S61,0) -> 1/333 | U61: U80 | V61: =V60 -> 0.3 | W61: =W60 -> 0.37 | X61: =Y61-P61 -> 0.26 | Y61: 0.8 | Z61: =E61 -> 1647.45 | AA61: =F61 -> 1647.2 | AB61: =AA61+Q61 -> 1647.66
B62: K5+700 | C62: 5700 | D62: 1647.388 | E62: =ROUND(D62,2) -> 1647.39 | F62: =ROUND(F61-(C62-C61)*H61,2) -> 1646.9 | G62: =E62-F62 -> 0.49 | H62: 0.003 | J62: 1-2-7斗渠 | K62: =C62 -> 5700 | L62: =ROUND(M62*1.3,2) -> 0.61 | M62: =M61 -> 0.47 | N62: =ROUND(L62/W62,2) -> 1.65 | O62: =ROUND(M62/V62,2) -> 1.57 | P62: =P61 -> 0.54 | Q62: =Q61 -> 0.46 | R62: 0.015 | S62: =H62 -> 0.003 | T62: ="1/"&ROUND(1/S62,0) -> 1/333 | U62: U80 | V62: =V61 -> 0.3 | W62: =W61 -> 0.37 | X62: =Y62-P62 -> 0.26 | Y62: 0.8 | Z62: =E62 -> 1647.39 | AA62: =F62 -> 1646.9 | AB62: =AA62+Q62 -> 1647.36
B63: K5+800 | C63: 5800 | D63: 1647.025 | E63: =ROUND(D63,2) -> 1647.03 | F63: =ROUND(F62-(C63-C62)*H62,2) -> 1646.6 | G63: =E63-F63 -> 0.43 | H63: 0.003 | K63: =C63 -> 5800 | L63: =ROUND(M63*1.3,2) -> 0.61 | M63: =M62 -> 0.47 | N63: =ROUND(L63/W63,2) -> 1.65 | O63: =ROUND(M63/V63,2) -> 1.57 | P63: =P62 -> 0.54 | Q63: =Q62 -> 0.46 | R63: 0.015 | S63: =H63 -> 0.003 | T63: ="1/"&ROUND(1/S63,0) -> 1/333 | U63: U80 | V63: =V62 -> 0.3 | W63: =W62 -> 0.37 | X63: =Y63-P63 -> 0.26 | Y63: 0.8 | Z63: =E63 -> 1647.03 | AA63: =F63 -> 1646.6 | AB63: =AA63+Q63 -> 1647.06
B64: K5+900 | C64: 5900 | D64: 1646.574 | E64: =ROUND(D64,2) -> 1646.57 | F64: =ROUND(F63-(C64-C63)*H63,2) -> 1646.3 | G64: =E64-F64 -> 0.27 | H64: 0.001 | K64: =C64 -> 5900 | L64: =ROUND(M64*1.3,2) -> 0.61 | M64: =M63 -> 0.47 | N64: =ROUND(L64/W64,2) -> 1.65 | O64: =ROUND(M64/V64,2) -> 1.52 | P64: 0.56 | Q64: 0.48 | R64: 0.015 | S64: =H64 -> 0.001 | T64: ="1/"&ROUND(1/S64,0) -> 1/1000 | U64: U80 | V64: 0.31 | W64: =W63 -> 0.37 | X64: =Y64-P64 -> 0.24 | Y64: 0.8 | Z64: =E64 -> 1646.57 | AA64: =F64 -> 1646.3 | AB64: =AA64+Q64 -> 1646.78
B65: K6+000 | C65: 6000 | D65: 1646.225 | E65: =ROUND(D65,2) -> 1646.23 | F65: =ROUND(F64-(C65-C64)*H64,2) -> 1646.2 | G65: =E65-F65 -> 0.03 | H65: 0.001 | K65: =C65 -> 6000 | L65: =ROUND(M65*1.3,2) -> 0.61 | M65: =M64 -> 0.47 | N65: =ROUND(L65/W65,2) -> 1.65 | O65: =ROUND(M65/V65,2) -> 1.52 | P65: =P64 -> 0.56 | Q65: =Q64 -> 0.48 | R65: 0.015 | S65: =H65 -> 0.001 | T65: ="1/"&ROUND(1/S65,0) -> 1/1000 | U65: U80 | V65: =V64 -> 0.31 | W65: =W64 -> 0.37 | X65: =Y65-P65 -> 0.24 | Y65: 0.8 | Z65: =E65 -> 1646.23 | AA65: =F65 -> 1646.2 | AB65: =AA65+Q65 -> 1646.68
B66: K6+100 | C66: 6100 | D66: 1646.112 | E66: =ROUND(D66,2) -> 1646.11 | F66: =ROUND(F65-(C66-C65)*H65,2) -> 1646.1 | G66: =E66-F66 -> 0.01 | H66: 0.001 | K66: =C66 -> 6100 | L66: =ROUND(M66*1.3,2) -> 0.61 | M66: =M65 -> 0.47 | N66: =ROUND(L66/W66,2) -> 1.65 | O66: =ROUND(M66/V66,2) -> 1.52 | P66: =P65 -> 0.56 | Q66: =Q65 -> 0.48 | R66: 0.015 | S66: =H66 -> 0.001 | T66: ="1/"&ROUND(1/S66,0) -> 1/1000 | U66: U80 | V66: =V65 -> 0.31 | W66: =W65 -> 0.37 | X66: =Y66-P66 -> 0.24 | Y66: 0.8 | Z66: =E66 -> 1646.11 | AA66: =F66 -> 1646.1 | AB66: =AA66+Q66 -> 1646.58
B67: K6+200 | C67: 6197 | D67: 1646.122 | E67: =ROUND(D67,2) -> 1646.12 | F67: =ROUND(F66-(C67-C66)*H66,2) -> 1646 | G67: =E67-F67 -> 0.12 | H67: 0.001 | K67: =C67 -> 6197 | L67: =ROUND(M67*1.3,2) -> 0.61 | M67: =M66 -> 0.47 | N67: =ROUND(L67/W67,2) -> 1.65 | O67: =ROUND(M67/V67,2) -> 1.52 | P67: =P66 -> 0.56 | Q67: =Q66 -> 0.48 | R67: 0.015 | S67: =H67 -> 0.001 | T67: ="1/"&ROUND(1/S67,0) -> 1/1000 | U67: U80 | V67: =V66 -> 0.31 | W67: =W66 -> 0.37 | X67: =Y67-P67 -> 0.24 | Y67: 0.8 | Z67: =E67 -> 1646.12 | AA67: =F67 -> 1646 | AB67: =AA67+Q67 -> 1646.48
B68: 6300 | C68: 6300 | E68: 1646.31 | F68: =ROUND(F67-(C68-C67)*H67,2) -> 1645.9 | G68: =E68-F68 -> 0.41 | H68: 0.001 | K68: =C68 -> 6300 | L68: =ROUND(M68*1.3,2) -> 0.61 | M68: =M67 -> 0.47 | N68: =ROUND(L68/W68,2) -> 1.65 | O68: =ROUND(M68/V68,2) -> 1.52 | P68: =P67 -> 0.56 | Q68: =Q67 -> 0.48 | R68: 1.015 | S68: =H68 -> 0.001 | T68: ="1/"&ROUND(1/S68,0) -> 1/1000 | U68: U80 | V68: =V67 -> 0.31 | W68: =W67 -> 0.37 | X68: =Y68-P68 -> 0.24 | Y68: 0.8 | Z68: =E68 -> 1646.31 | AA68: =F68 -> 1645.9 | AB68: =AA68+Q68 -> 1646.38
B69: 6400 | C69: 6400 | E69: 1646.19 | F69: =ROUND(F68-(C69-C68)*H68,2) -> 1645.8 | G69: =E69-F69 -> 0.39 | H69: 0.001 | K69: =C69 -> 6400 | L69: =ROUND(M69*1.3,2) -> 0.61 | M69: =M68 -> 0.47 | N69: =ROUND(L69/W69,2) -> 1.65 | O69: =ROUND(M69/V69,2) -> 1.52 | P69: =P68 -> 0.56 | Q69: =Q68 -> 0.48 | R69: 2.015 | S69: =H69 -> 0.001 | T69: ="1/"&ROUND(1/S69,0) -> 1/1000 | U69: U80 | V69: =V68 -> 0.31 | W69: =W68 -> 0.37 | X69: =Y69-P69 -> 0.24 | Y69: 0.8 | Z69: =E69 -> 1646.19 | AA69: =F69 -> 1645.8 | AB69: =AA69+Q69 -> 1646.28
B70: 6500 | C70: 6500 | E70: 1646.14 | F70: =ROUND(F69-(C70-C69)*H69,2) -> 1645.7 | G70: =E70-F70 -> 0.44 | H70: 0.001 | K70: =C70 -> 6500 | L70: =ROUND(M70*1.3,2) -> 0.61 | M70: =M69 -> 0.47 | N70: =ROUND(L70/W70,2) -> 1.65 | O70: =ROUND(M70/V70,2) -> 1.52 | P70: =P69 -> 0.56 | Q70: =Q69 -> 0.48 | R70: 3.015 | S70: =H70 -> 0.001 | T70: ="1/"&ROUND(1/S70,0) -> 1/1000 | U70: U80 | V70: =V69 -> 0.31 | W70: =W69 -> 0.37 | X70: =Y70-P70 -> 0.24 | Y70: 0.8 | Z70: =E70 -> 1646.14 | AA70: =F70 -> 1645.7 | AB70: =AA70+Q70 -> 1646.18
B71: 6600 | C71: 6600 | E71: 1646.01 | F71: =ROUND(F70-(C71-C70)*H70,2) -> 1645.6 | G71: =E71-F71 -> 0.41 | H71: 0.001 | K71: =C71 -> 6600 | L71: =ROUND(M71*1.3,2) -> 0.61 | M71: =M70 -> 0.47 | N71: =ROUND(L71/W71,2) -> 1.65 | O71: =ROUND(M71/V71,2) -> 1.52 | P71: =P70 -> 0.56 | Q71: =Q70 -> 0.48 | R71: 4.015 | S71: =H71 -> 0.001 | T71: ="1/"&ROUND(1/S71,0) -> 1/1000 | U71: U80 | V71: =V70 -> 0.31 | W71: =W70 -> 0.37 | X71: =Y71-P71 -> 0.24 | Y71: 0.8 | Z71: =E71 -> 1646.01 | AA71: =F71 -> 1645.6 | AB71: =AA71+Q71 -> 1646.08
B72: 6700 | C72: 6700 | E72: 1645.46 | F72: =ROUND(F71-(C72-C71)*H71,2) -> 1645.5 | G72: =E72-F72 -> -0.04 | H72: 0.001 | K72: =C72 -> 6700 | L72: =ROUND(M72*1.3,2) -> 0.61 | M72: =M71 -> 0.47 | N72: =ROUND(L72/W72,2) -> 1.65 | O72: =ROUND(M72/V72,2) -> 1.52 | P72: =P71 -> 0.56 | Q72: =Q71 -> 0.48 | R72: 5.015 | S72: =H72 -> 0.001 | T72: ="1/"&ROUND(1/S72,0) -> 1/1000 | U72: U80 | V72: =V71 -> 0.31 | W72: =W71 -> 0.37 | X72: =Y72-P72 -> 0.24 | Y72: 0.8 | Z72: =E72 -> 1645.46 | AA72: =F72 -> 1645.5 | AB72: =AA72+Q72 -> 1645.98
B73: 6800 | C73: 6800 | E73: 1645.26 | F73: =ROUND(F72-(C73-C72)*H72,2) -> 1645.4 | G73: =E73-F73 -> -0.14 | H73: 0.001 | K73: =C73 -> 6800 | L73: =ROUND(M73*1.3,2) -> 0.61 | M73: =M72 -> 0.47 | N73: =ROUND(L73/W73,2) -> 1.65 | O73: =ROUND(M73/V73,2) -> 1.52 | P73: =P72 -> 0.56 | Q73: =Q72 -> 0.48 | R73: 6.015 | S73: =H73 -> 0.001 | T73: ="1/"&ROUND(1/S73,0) -> 1/1000 | U73: U80 | V73: =V72 -> 0.31 | W73: =W72 -> 0.37 | X73: =Y73-P73 -> 0.24 | Y73: 0.8 | Z73: =E73 -> 1645.26 | AA73: =F73 -> 1645.4 | AB73: =AA73+Q73 -> 1645.88
B74: 6900 | C74: 6900 | E74: 1645.49 | F74: =ROUND(F73-(C74-C73)*H73,2) -> 1645.3 | G74: =E74-F74 -> 0.19 | H74: 0.001 | K74: =C74 -> 6900 | L74: =ROUND(M74*1.3,2) -> 0.61 | M74: =M73 -> 0.47 | N74: =ROUND(L74/W74,2) -> 1.65 | O74: =ROUND(M74/V74,2) -> 1.52 | P74: =P73 -> 0.56 | Q74: =Q73 -> 0.48 | R74: 7.015 | S74: =H74 -> 0.001 | T74: ="1/"&ROUND(1/S74,0) -> 1/1000 | U74: U80 | V74: =V73 -> 0.31 | W74: =W73 -> 0.37 | X74: =Y74-P74 -> 0.24 | Y74: 0.8 | Z74: =E74 -> 1645.49 | AA74: =F74 -> 1645.3 | AB74: =AA74+Q74 -> 1645.78
B75: 7000 | C75: 7000 | E75: 1645.52 | F75: =ROUND(F74-(C75-C74)*H74,2) -> 1645.2 | G75: =E75-F75 -> 0.32 | H75: 0.001 | K75: =C75 -> 7000 | L75: =ROUND(M75*1.3,2) -> 0.61 | M75: =M74 -> 0.47 | N75: =ROUND(L75/W75,2) -> 1.65 | O75: =ROUND(M75/V75,2) -> 1.52 | P75: =P74 -> 0.56 | Q75: =Q74 -> 0.48 | R75: 8.015 | S75: =H75 -> 0.001 | T75: ="1/"&ROUND(1/S75,0) -> 1/1000 | U75: U80 | V75: =V74 -> 0.31 | W75: =W74 -> 0.37 | X75: =Y75-P75 -> 0.24 | Y75: 0.8 | Z75: =E75 -> 1645.52 | AA75: =F75 -> 1645.2 | AB75: =AA75+Q75 -> 1645.68
B76: 7100 | C76: 7100 | E76: 1645.58 | F76: =ROUND(F75-(C76-C75)*H75,2) -> 1645.1 | G76: =E76-F76 -> 0.48 | H76: 0.001 | K76: =C76 -> 7100 | L76: =ROUND(M76*1.3,2) -> 0.61 | M76: =M75 -> 0.47 | N76: =ROUND(L76/W76,2) -> 1.65 | O76: =ROUND(M76/V76,2) -> 1.52 | P76: =P75 -> 0.56 | Q76: =Q75 -> 0.48 | R76: 9.015 | S76: =H76 -> 0.001 | T76: ="1/"&ROUND(1/S76,0) -> 1/1000 | U76: U80 | V76: =V75 -> 0.31 | W76: =W75 -> 0.37 | X76: =Y76-P76 -> 0.24 | Y76: 0.8 | Z76: =E76 -> 1645.58 | AA76: =F76 -> 1645.1 | AB76: =AA76+Q76 -> 1645.58
B77: 7224 | C77: 7224 | E77: 1645.5 | F77: =ROUND(F76-(C77-C76)*H76,2) -> 1644.98 | G77: =E77-F77 -> 0.52 | H77: 0.001 | K77: =C77 -> 7224 | L77: =ROUND(M77*1.3,2) -> 0.61 | M77: =M76 -> 0.47 | N77: =ROUND(L77/W77,2) -> 1.65 | O77: =ROUND(M77/V77,2) -> 1.52 | P77: =P76 -> 0.56 | Q77: =Q76 -> 0.48 | R77: 10.015 | S77: =H77 -> 0.001 | T77: ="1/"&ROUND(1/S77,0) -> 1/1000 | U77: U80 | V77: =V76 -> 0.31 | W77: =W76 -> 0.37 | X77: =Y77-P77 -> 0.24 | Y77: 0.8 | Z77: =E77 -> 1645.5 | AA77: =F77 -> 1644.98 | AB77: =AA77+Q77 -> 1645.46
K80: 桩号 | L80: 流量 | N80: 流速 | P80: 水深 | R80: 糙率 | S80: 比降 | T80: 规格 | U80: 过水面积 | W80: 湿周 | Y80: 水力半径 | AA80: 渠顶超高 | AB80: 设计渠深
L81: Q大 | M81: Q设 | N81: V大 | O81: V设 | P81: H大 | Q81: H设 | R81: n | S81: i | T81: D | U81: A大 | V81: A设 | W81: X大 | X81: X设 | Y81: R大 | Z81: R设 | AA81: Fb | AB81: H
K82: km+m | L82: m3/s | M82: m3/s | N82: m/s | O82: m/s | P82: m | Q82: m | T82: m | U82: m2 | V82: m2 | W82: m | Y82: m | AA82: m | AB82: m
K83: =K5 -> 10 | L83: =L5 -> 0.9 | M83: =M5 -> 0.69 | N83: =N5 -> 1.96 | O83: =O5 -> 1.73 | P83: =P5 -> 0.56 | Q83: =Q5 -> 0.47 | R83: =R5 -> 0.015 | S83: =T5 -> 1/200 | T83: =U5 -> U100 | U83: =W5 -> 0.46 | V83: =V5 -> 0.4 | W83: 1.617 | X83: 1.514 | Y83: =U83/W83 -> 0.28447743 | Z83: =V83/X83 -> 0.26420079 | AA83: =X5 -> 0.44 | AB83: =Y5 -> 1
K84: =K7 -> 200 | L84: =L7 -> 0.9 | M84: =M7 -> 0.69 | N84: =N7 -> 1.96 | O84: =O7 -> 1.73 | P84: =P7 -> 0.56 | Q84: =Q7 -> 0.47 | R84: =R7 -> 0.015 | S84: =T7 -> 1/200 | T84: =U7 -> U100 | U84: =W7 -> 0.46 | V84: =V7 -> 0.4 | W84: 1.617 | X84: 1.514 | Y84: =U84/W84 -> 0.28447743 | Z84: =V84/X84 -> 0.26420079 | AA84: =X7 -> 0.44 | AB84: =Y7 -> 1
K85: =K9 -> 400 | L85: =L9 -> 0.9 | M85: =M9 -> 0.69 | N85: =N9 -> 1.96 | O85: =O9 -> 1.73 | P85: =P9 -> 0.56 | Q85: =Q9 -> 0.47 | R85: =R9 -> 0.015 | S85: =T9 -> 1/200 | T85: =U9 -> U100 | U85: =W9 -> 0.46 | V85: =V9 -> 0.4 | W85: 1.617 | X85: 1.514 | Y85: =U85/W85 -> 0.28447743 | Z85: =V85/X85 -> 0.26420079 | AA85: =X9 -> 0.44 | AB85: =Y9 -> 1
K86: =K11 -> 600 | L86: =L11 -> 0.9 | M86: =M11 -> 0.69 | N86: =N11 -> 1.96 | O86: =O11 -> 1.73 | P86: =P11 -> 0.56 | Q86: =Q11 -> 0.47 | R86: =R11 -> 0.015 | S86: =T11 -> 1/200 | T86: =U11 -> U100 | U86: =W11 -> 0.46 | V86: =V11 -> 0.4 | W86: 1.617 | X86: 1.514 | Y86: =U86/W86 -> 0.28447743 | Z86: =V86/X86 -> 0.26420079 | AA86: =X11 -> 0.44 | AB86: =Y11 -> 1
K87: =K13 -> 800 | L87: =L13 -> 0.9 | M87: =M13 -> 0.69 | N87: =N13 -> 1.96 | O87: =O13 -> 1.73 | P87: =P13 -> 0.56 | Q87: =Q13 -> 0.47 | R87: =R13 -> 0.015 | S87: =T13 -> 1/200 | T87: =U13 -> U100 | U87: =W13 -> 0.46 | V87: =V13 -> 0.4 | W87: 1.617 | X87: 1.514 | Y87: =U87/W87 -> 0.28447743 | Z87: =V87/X87 -> 0.26420079 | AA87: =X13 -> 0.44 | AB87: =Y13 -> 1
K88: =K15 -> 1000 | L88: =L15 -> 0.9 | M88: =M15 -> 0.69 | N88: =N15 -> 1.96 | O88: =O15 -> 1.73 | P88: =P15 -> 0.56 | Q88: =Q15 -> 0.47 | R88: =R15 -> 0.015 | S88: =T15 -> 1/200 | T88: =U15 -> U100 | U88: =W15 -> 0.46 | V88: =V15 -> 0.4 | W88: 1.617 | X88: 1.514 | Y88: =U88/W88 -> 0.28447743 | Z88: =V88/X88 -> 0.26420079 | AA88: =X15 -> 0.44 | AB88: =Y15 -> 1
K89: =K17 -> 1200 | L89: =L17 -> 0.9 | M89: =M17 -> 0.69 | N89: =N17 -> 1.96 | O89: =O17 -> 1.73 | P89: =P17 -> 0.56 | Q89: =Q17 -> 0.47 | R89: =R17 -> 0.015 | S89: =T17 -> 1/200 | T89: =U17 -> U100 | U89: =W17 -> 0.46 | V89: =V17 -> 0.4 | W89: 1.617 | X89: 1.514 | Y89: =U89/W89 -> 0.28447743 | Z89: =V89/X89 -> 0.26420079 | AA89: =X17 -> 0.44 | AB89: =Y17 -> 1
K90: =K19 -> 1400 | L90: =L19 -> 0.9 | M90: =M19 -> 0.69 | N90: =N19 -> 1.96 | O90: =O19 -> 1.73 | P90: =P19 -> 0.56 | Q90: =Q19 -> 0.47 | R90: =R19 -> 0.015 | S90: =T19 -> 1/200 | T90: =U19 -> U100 | U90: =W19 -> 0.46 | V90: =V19 -> 0.4 | W90: 1.617 | X90: 1.514 | Y90: =U90/W90 -> 0.28447743 | Z90: =V90/X90 -> 0.26420079 | AA90: =X19 -> 0.44 | AB90: =Y19 -> 1
K91: =K21 -> 1600 | L91: =L21 -> 0.9 | M91: =M21 -> 0.69 | N91: =N21 -> 1.96 | O91: =O21 -> 1.73 | P91: =P21 -> 0.56 | Q91: =Q21 -> 0.47 | R91: =R21 -> 0.015 | S91: =T21 -> 1/200 | T91: =U21 -> U100 | U91: =W21 -> 0.46 | V91: =V21 -> 0.4 | W91: 1.617 | X91: 1.514 | Y91: =U91/W91 -> 0.28447743 | Z91: =V91/X91 -> 0.26420079 | AA91: =X21 -> 0.44 | AB91: =Y21 -> 1
K92: =K22 -> 1700 | L92: =L22 -> 0.9 | M92: =M22 -> 0.69 | N92: =N22 -> 1.96 | O92: =O22 -> 1.73 | P92: =P22 -> 0.56 | Q92: =Q22 -> 0.47 | R92: =R22 -> 0.015 | S92: =T22 -> 1/200 | T92: =U22 -> U100 | U92: =W22 -> 0.46 | V92: =V22 -> 0.4 | W92: 1.617 | X92: 1.514 | Y92: =U92/W92 -> 0.28447743 | Z92: =V92/X92 -> 0.26420079 | AA92: =X22 -> 0.44 | AB92: =Y22 -> 1
K93: =K23 -> 1800 | L93: =L23 -> 0.9 | M93: =M23 -> 0.69 | N93: =N23 -> 1.64 | O93: =O23 -> 1.5 | P93: =P23 -> 0.65 | Q93: =Q23 -> 0.56 | R93: =R23 -> 0.015 | S93: =T23 -> 1/333 | T93: =U23 -> U100 | U93: =W23 -> 0.55 | V93: =V23 -> 0.46 | W93: 1.761 | X93: 1.596 | Y93: =U93/W93 -> 0.31232254 | Z93: =V93/X93 -> 0.28822055 | AA93: =X23 -> 0.35 | AB93: =Y23 -> 1
K94: =K25 -> 2000 | L94: =L25 -> 0.9 | M94: =M25 -> 0.69 | N94: =N25 -> 1.64 | O94: =O25 -> 1.5 | P94: =P25 -> 0.65 | Q94: =Q25 -> 0.56 | R94: =R25 -> 0.015 | S94: =T25 -> 1/333 | T94: =U25 -> U100 | U94: =W25 -> 0.55 | V94: =V25 -> 0.46 | W94: 1.761 | X94: 1.596 | Y94: =U94/W94 -> 0.31232254 | Z94: =V94/X94 -> 0.28822055 | AA94: =X25 -> 0.35 | AB94: =Y25 -> 1
K95: =K27 -> 2200 | L95: =L27 -> 0.9 | M95: =M27 -> 0.69 | N95: =N27 -> 1.64 | O95: =O27 -> 1.5 | P95: =P27 -> 0.65 | Q95: =Q27 -> 0.56 | R95: =R27 -> 0.015 | S95: =T27 -> 1/333 | T95: =U27 -> U100 | U95: =W27 -> 0.55 | V95: =V27 -> 0.46 | W95: 1.761 | X95: 1.596 | Y95: =U95/W95 -> 0.31232254 | Z95: =V95/X95 -> 0.28822055 | AA95: =X27 -> 0.35 | AB95: =Y27 -> 1
K96: =K29 -> 2400 | L96: =L29 -> 0.9 | M96: =M29 -> 0.69 | N96: =N29 -> 1.64 | O96: =O29 -> 1.5 | P96: =P29 -> 0.65 | Q96: =Q29 -> 0.56 | R96: =R29 -> 0.015 | S96: =T29 -> 1/333 | T96: =U29 -> U100 | U96: =W29 -> 0.55 | V96: =V29 -> 0.46 | W96: 1.761 | X96: 1.596 | Y96: =U96/W96 -> 0.31232254 | Z96: =V96/X96 -> 0.28822055 | AA96: =X29 -> 0.35 | AB96: =Y29 -> 1
K97: =K31 -> 2600 | L97: =L31 -> 0.9 | M97: =M31 -> 0.69 | N97: =N31 -> 1.64 | O97: =O31 -> 1.5 | P97: =P31 -> 0.65 | Q97: =Q31 -> 0.56 | R97: =R31 -> 0.015 | S97: =T31 -> 1/333 | T97: =U31 -> U100 | U97: =W31 -> 0.55 | V97: =V31 -> 0.46 | W97: 1.761 | X97: 1.596 | Y97: =U97/W97 -> 0.31232254 | Z97: =V97/X97 -> 0.28822055 | AA97: =X31 -> 0.35 | AB97: =Y31 -> 1
K98: =K33 -> 2800 | L98: =L33 -> 0.9 | M98: =M33 -> 0.69 | N98: =N33 -> 1.64 | O98: =O33 -> 1.5 | P98: =P33 -> 0.54 | Q98: =Q33 -> 0.47 | R98: =R33 -> 0.015 | S98: =T33 -> 1/333 | T98: =U33 -> U100 | U98: =W33 -> 0.55 | V98: =V33 -> 0.46 | W98: 1.761 | X98: 1.596 | Y98: =U98/W98 -> 0.31232254 | Z98: =V98/X98 -> 0.28822055 | AA98: =X33 -> 0.46 | AB98: =Y33 -> 1
K99: =K35 -> 3000 | L99: =L35 -> 0.9 | M99: =M35 -> 0.69 | N99: =N35 -> 1.64 | O99: =O35 -> 1.5 | P99: =P35 -> 0.54 | Q99: =Q35 -> 0.47 | R99: =R35 -> 0.015 | S99: =T35 -> 1/333 | T99: =U35 -> U100 | U99: =W35 -> 0.55 | V99: =V35 -> 0.46 | W99: 1.761 | X99: 1.596 | Y99: =U99/W99 -> 0.31232254 | Z99: =V99/X99 -> 0.28822055 | AA99: =X35 -> 0.46 | AB99: =Y35 -> 1
K100: =K36 -> 3100 | L100: =L36 -> 0.9 | M100: =M36 -> 0.69 | N100: =N36 -> 1.64 | O100: =O36 -> 1.5 | P100: =P36 -> 0.54 | Q100: =Q36 -> 0.47 | R100: =R36 -> 0.015 | S100: =T36 -> 1/333 | T100: =U36 -> U100 | U100: =W36 -> 0.55 | V100: =V36 -> 0.46 | W100: 1.761 | X100: 1.596 | Y100: =U100/W100 -> 0.31232254 | Z100: =V100/X100 -> 0.28822055 | AA100: =X36 -> 0.46 | AB100: =Y36 -> 1
K101: =K37 -> 3200 | L101: =L37 -> 0.9 | M101: =M37 -> 0.69 | N101: =N37 -> 1.64 | O101: =O37 -> 1.5 | P101: =P37 -> 0.67 | Q101: =Q37 -> 0.58 | R101: =R37 -> 0.015 | S101: =T37 -> 1/500 | T101: =U37 -> U100 | U101: =W37 -> 0.55 | V101: =V37 -> 0.46 | W101: 1.926 | X101: 1.741 | Y101: =U101/W101 -> 0.28556594 | Z101: =V101/X101 -> 0.26421597 | AA101: =X37 -> 0.33 | AB101: =Y37 -> 1
K102: =K39 -> 3400 | L102: =L39 -> 0.9 | M102: =M39 -> 0.69 | N102: =N39 -> 1.64 | O102: =O39 -> 1.5 | P102: =P39 -> 0.67 | Q102: =Q39 -> 0.58 | R102: =R39 -> 0.015 | S102: =T39 -> 1/500 | T102: =U39 -> U100 | U102: =W39 -> 0.55 | V102: =V39 -> 0.46 | W102: 1.926 | X102: 1.741 | Y102: =U102/W102 -> 0.28556594 | Z102: =V102/X102 -> 0.26421597 | AA102: =X39 -> 0.33 | AB102: =Y39 -> 1
...

Sheet 1-3支渠
J1: 备注 | K1: 桩号 | L1: 流量 | N1: 流速 | P1: 水深 | R1: 糙率 | S1: 比降 | U1: 规格 | X1: 超高 | Y1: 渠深 | Z1: 地面高程 | AA1: 渠底高程 | AB1: 设计水位 | AC1: 备注
L2: Q大 | M2: Q设 | N2: V大 | O2: V设 | P2: H大 | Q2: H设 | R2: n | S2: i | U2: b | V2: A设 | W2: A大 | X2: Fb | Y2: h
B3: 桩号m | D3: 地面线 | K3: km+m | L3: m3/s | M3: m3/s | N3: m/s | O3: m/s | P3: m | Q3: m | U3: m | X3: m | Y3: m | Z3: m | AA3: m | AB3: m
B4: K0+000 | C4: 0 | D4: 1665.976 | E4: =ROUND(D4,2) -> 1665.98 | F4: =干渠!W277 -> 1663.99 | K4: =C4 -> 0 | L4: =ROUND(M4*1.3,2) -> 0.51 | M4: =支渠!M5 -> 0.39
C5: 10 | E5: 1665.91 | F5: =F4 -> 1663.99 | G5: =E5-F5 -> 1.92 | H5: 0.006 | K5: =C5 -> 10 | L5: =ROUND(M5*1.3,2) -> 0.51 | M5: =M4 -> 0.39 | N5: =ROUND(L5/W5,2) -> 1.82 | O5: =ROUND(M5/V5,2) -> 1.56 | P5: 0.43 | Q5: 0.4 | R5: 0.015 | S5: =H5 -> 0.006 | T5: ="1/"&ROUND(1/S5,0) -> 1/167 | U5: U80 | V5: 0.25 | W5: 0.28 | X5: =Y5-P5 -> 0.37 | Y5: 0.8 | Z5: =E5 -> 1665.91 | AA5: =F5 -> 1663.99 | AB5: =AA5+Q5 -> 1664.39
B6: K0+100 | C6: 100 | D6: 1665.294 | E6: =ROUND(D6,2) -> 1665.29 | F6: =F5 -> 1663.99 | G6: =E6-F6 -> 1.3 | H6: 0.006 | I6: 50 | J6: 1-3-1斗渠 | K6: =C6 -> 100 | L6: =ROUND(M6*1.3,2) -> 0.51 | M6: =M5 -> 0.39 | N6: =ROUND(L6/W6,2) -> 1.82 | O6: =ROUND(M6/V6,2) -> 1.56 | P6: =P5 -> 0.43 | Q6: =Q5 -> 0.4 | R6: 0.015 | S6: =H6 -> 0.006 | T6: ="1/"&ROUND(1/S6,0) -> 1/167 | U6: =U5 -> U80 | V6: =V5 -> 0.25 | W6: =W5 -> 0.28 | X6: =Y6-P6 -> 0.37 | Y6: =Y5 -> 0.8 | Z6: =E6 -> 1665.29 | AA6: =F6 -> 1663.99 | AB6: =AA6+Q6 -> 1664.39
B7: K0+200 | C7: 200 | D7: 1664.422 | E7: =ROUND(D7,2) -> 1664.42 | F7: =ROUND(F6-(C7-C6)*H6,2) -> 1663.39 | G7: =E7-F7 -> 1.03 | H7: 0.006 | K7: =C7 -> 200 | L7: =ROUND(M7*1.3,2) -> 0.51 | M7: =M6 -> 0.39 | N7: =ROUND(L7/W7,2) -> 1.82 | O7: =ROUND(M7/V7,2) -> 1.56 | P7: =P6 -> 0.43 | Q7: =Q6 -> 0.4 | R7: 0.015 | S7: =H7 -> 0.006 | T7: ="1/"&ROUND(1/S7,0) -> 1/167 | U7: =U6 -> U80 | V7: =V6 -> 0.25 | W7: =W6 -> 0.28 | X7: =Y7-P7 -> 0.37 | Y7: =Y6 -> 0.8 | Z7: =E7 -> 1664.42 | AA7: =F7 -> 1663.39 | AB7: =AA7+Q7 -> 1663.79
B8: K0+300 | C8: 300 | D8: 1663.522 | E8: =ROUND(D8,2) -> 1663.52 | F8: =ROUND(F7-(C8-C7)*H7,2) -> 1662.79 | G8: =E8-F8 -> 0.73 | H8: 0.006 | K8: =C8 -> 300 | L8: =ROUND(M8*1.3,2) -> 0.51 | M8: =M7 -> 0.39 | N8: =ROUND(L8/W8,2) -> 1.82 | O8: =ROUND(M8/V8,2) -> 1.56 | P8: =P7 -> 0.43 | Q8: =Q7 -> 0.4 | R8: 0.015 | S8: =H8 -> 0.006 | T8: ="1/"&ROUND(1/S8,0) -> 1/167 | U8: =U7 -> U80 | V8: =V7 -> 0.25 | W8: =W7 -> 0.28 | X8: =Y8-P8 -> 0.37 | Y8: =Y7 -> 0.8 | Z8: =E8 -> 1663.52 | AA8: =F8 -> 1662.79 | AB8: =AA8+Q8 -> 1663.19
B9: K0+400 | C9: 400 | D9: 1662.834 | E9: =ROUND(D9,2) -> 1662.83 | F9: =ROUND(F8-(C9-C8)*H8,2) -> 1662.19 | G9: =E9-F9 -> 0.64 | H9: 0.006 | K9: =C9 -> 400 | L9: =ROUND(M9*1.3,2) -> 0.51 | M9: =M8 -> 0.39 | N9: =ROUND(L9/W9,2) -> 1.82 | O9: =ROUND(M9/V9,2) -> 1.56 | P9: =P8 -> 0.43 | Q9: =Q8 -> 0.4 | R9: 0.015 | S9: =H9 -> 0.006 | T9: ="1/"&ROUND(1/S9,0) -> 1/167 | U9: =U8 -> U80 | V9: =V8 -> 0.25 | W9: =W8 -> 0.28 | X9: =Y9-P9 -> 0.37 | Y9: =Y8 -> 0.8 | Z9: =E9 -> 1662.83 | AA9: =F9 -> 1662.19 | AB9: =AA9+Q9 -> 1662.59
B10: K0+500 | C10: 500 | D10: 1662.34 | E10: =ROUND(D10,2) -> 1662.34 | F10: =ROUND(F9-(C10-C9)*H9,2) -> 1661.59 | G10: =E10-F10 -> 0.75 | H10: 0.006 | K10: =C10 -> 500 | L10: =ROUND(M10*1.3,2) -> 0.51 | M10: =M9 -> 0.39 | N10: =ROUND(L10/W10,2) -> 1.82 | O10: =ROUND(M10/V10,2) -> 1.56 | P10: =P9 -> 0.43 | Q10: =Q9 -> 0.4 | R10: 0.015 | S10: =H10 -> 0.006 | T10: ="1/"&ROUND(1/S10,0) -> 1/167 | U10: =U9 -> U80 | V10: =V9 -> 0.25 | W10: =W9 -> 0.28 | X10: =Y10-P10 -> 0.37 | Y10: =Y9 -> 0.8 | Z10: =E10 -> 1662.34 | AA10: =F10 -> 1661.59 | AB10: =AA10+Q10 -> 1661.99
B11: K0+600 | C11: 600 | D11: 1661.687 | E11: =ROUND(D11,2) -> 1661.69 | F11: =ROUND(F10-(C11-C10)*H10,2) -> 1660.99 | G11: =E11-F11 -> 0.7 | H11: 0.006 | K11: =C11 -> 600 | L11: =ROUND(M11*1.3,2) -> 0.51 | M11: =M10 -> 0.39 | N11: =ROUND(L11/W11,2) -> 1.82 | O11: =ROUND(M11/V11,2) -> 1.56 | P11: =P10 -> 0.43 | Q11: =Q10 -> 0.4 | R11: 0.015 | S11: =H11 -> 0.006 | T11: ="1/"&ROUND(1/S11,0) -> 1/167 | U11: =U10 -> U80 | V11: =V10 -> 0.25 | W11: =W10 -> 0.28 | X11: =Y11-P11 -> 0.37 | Y11: =Y10 -> 0.8 | Z11: =E11 -> 1661.69 | AA11: =F11 -> 1660.99 | AB11: =AA11+Q11 -> 1661.39
B12: K0+700 | C12: 700 | D12: 1660.95 | E12: =ROUND(D12,2) -> 1660.95 | F12: =ROUND(F11-(C12-C11)*H11,2) -> 1660.39 | G12: =E12-F12 -> 0.56 | H12: 0.004 | K12: =C12 -> 700 | L12: =ROUND(M12*1.3,2) -> 0.51 | M12: =M11 -> 0.39 | N12: =ROUND(L12/W12,2) -> 1.82 | O12: =ROUND(M12/V12,2) -> 1.5 | P12: 0.48 | Q12: 0.42 | R12: 0.015 | S12: =H12 -> 0.004 | T12: ="1/"&ROUND(1/S12,0) -> 1/250 | U12: =U11 -> U80 | V12: 0.26 | W12: 0.28 | X12: =Y12-P12 -> 0.32 | Y12: =Y11 -> 0.8 | Z12: =E12 -> 1660.95 | AA12: =F12 -> 1660.39 | AB12: =AA12+Q12 -> 1660.81
B13: K0+800 | C13: 800 | D13: 1660.628 | E13: =ROUND(D13,2) -> 1660.63 | F13: =ROUND(F12-(C13-C12)*H12,2) -> 1659.99 | G13: =E13-F13 -> 0.64 | H13: 0.004 | J13: 1-3-2斗渠 | K13: =C13 -> 800 | L13: =ROUND(M13*1.3,2) -> 0.51 | M13: =M12 -> 0.39 | N13: =ROUND(L13/W13,2) -> 1.65 | O13: =ROUND(M13/V13,2) -> 1.44 | P13: =P12 -> 0.48 | Q13: =Q12 -> 0.42 | R13: 0.015 | S13: =H13 -> 0.004 | T13: ="1/"&ROUND(1/S13,0) -> 1/250 | U13: =U12 -> U80 | V13: 0.27 | W13: 0.31 | X13: =Y13-P13 -> 0.32 | Y13: =Y12 -> 0.8 | Z13: =E13 -> 1660.63 | AA13: =F13 -> 1659.99 | AB13: =AA13+Q13 -> 1660.41
B14: K0+900 | C14: 900 | D14: 1660.266 | E14: =ROUND(D14,2) -> 1660.27 | F14: =ROUND(F13-(C14-C13)*H13,2) -> 1659.59 | G14: =E14-F14 -> 0.68 | H14: 0.004 | K14: =C14 -> 900 | L14: =ROUND(M14*1.3,2) -> 0.51 | M14: =M13 -> 0.39 | N14: =ROUND(L14/W14,2) -> 1.65 | O14: =ROUND(M14/V14,2) -> 1.44 | P14: =P13 -> 0.48 | Q14: =Q13 -> 0.42 | R14: 0.015 | S14: =H14 -> 0.004 | T14: ="1/"&ROUND(1/S14,0) -> 1/250 | U14: =U13 -> U80 | V14: =V13 -> 0.27 | W14: =W13 -> 0.31 | X14: =Y14-P14 -> 0.32 | Y14: =Y13 -> 0.8 | Z14: =E14 -> 1660.27 | AA14: =F14 -> 1659.59 | AB14: =AA14+Q14 -> 1660.01
B15: K1+000 | C15: 1000 | D15: 1659.64 | E15: =ROUND(D15,2) -> 1659.64 | F15: =ROUND(F14-(C15-C14)*H14,2) -> 1659.19 | G15: =E15-F15 -> 0.45 | H15: 0.004 | K15: =C15 -> 1000 | L15: =ROUND(M15*1.3,2) -> 0.51 | M15: =M14 -> 0.39 | N15: =ROUND(L15/W15,2) -> 1.65 | O15: =ROUND(M15/V15,2) -> 1.44 | P15: =P14 -> 0.48 | Q15: =Q14 -> 0.42 | R15: 0.015 | S15: =H15 -> 0.004 | T15: ="1/"&ROUND(1/S15,0) -> 1/250 | U15: =U14 -> U80 | V15: =V14 -> 0.27 | W15: =W14 -> 0.31 | X15: =Y15-P15 -> 0.32 | Y15: =Y14 -> 0.8 | Z15: =E15 -> 1659.64 | AA15: =F15 -> 1659.19 | AB15: =AA15+Q15 -> 1659.61
B16: K1+100 | C16: 1100 | D16: 1659.313 | E16: =ROUND(D16,2) -> 1659.31 | F16: =ROUND(F15-(C16-C15)*H15,2) -> 1658.79 | G16: =E16-F16 -> 0.52 | H16: 0.004 | K16: =C16 -> 1100 | L16: =ROUND(M16*1.3,2) -> 0.51 | M16: =M15 -> 0.39 | N16: =ROUND(L16/W16,2) -> 1.65 | O16: =ROUND(M16/V16,2) -> 1.44 | P16: =P15 -> 0.48 | Q16: =Q15 -> 0.42 | R16: 0.015 | S16: =H16 -> 0.004 | T16: ="1/"&ROUND(1/S16,0) -> 1/250 | U16: =U15 -> U80 | V16: =V15 -> 0.27 | W16: =W15 -> 0.31 | X16: =Y16-P16 -> 0.32 | Y16: =Y15 -> 0.8 | Z16: =E16 -> 1659.31 | AA16: =F16 -> 1658.79 | AB16: =AA16+Q16 -> 1659.21
B17: K1+200 | C17: 1200 | D17: 1659.008 | E17: =ROUND(D17,2) -> 1659.01 | F17: =ROUND(F16-(C17-C16)*H16,2) -> 1658.39 | G17: =E17-F17 -> 0.62 | H17: 0.004 | K17: =C17 -> 1200 | L17: =ROUND(M17*1.3,2) -> 0.51 | M17: =M16 -> 0.39 | N17: =ROUND(L17/W17,2) -> 1.65 | O17: =ROUND(M17/V17,2) -> 1.44 | P17: =P16 -> 0.48 | Q17: =Q16 -> 0.42 | R17: 0.015 | S17: =H17 -> 0.004 | T17: ="1/"&ROUND(1/S17,0) -> 1/250 | U17: =U16 -> U80 | V17: =V16 -> 0.27 | W17: =W16 -> 0.31 | X17: =Y17-P17 -> 0.32 | Y17: =Y16 -> 0.8 | Z17: =E17 -> 1659.01 | AA17: =F17 -> 1658.39 | AB17: =AA17+Q17 -> 1658.81
B18: K1+300 | C18: 1300 | D18: 1658.597 | E18: =ROUND(D18,2) -> 1658.6 | F18: =ROUND(F17-(C18-C17)*H17,2) -> 1657.99 | G18: =E18-F18 -> 0.61 | H18: 0.004 | K18: =C18 -> 1300 | L18: =ROUND(M18*1.3,2) -> 0.51 | M18: =M17 -> 0.39 | N18: =ROUND(L18/W18,2) -> 1.65 | O18: =ROUND(M18/V18,2) -> 1.44 | P18: =P17 -> 0.48 | Q18: =Q17 -> 0.42 | R18: 0.015 | S18: =H18 -> 0.004 | T18: ="1/"&ROUND(1/S18,0) -> 1/250 | U18: =U17 -> U80 | V18: =V17 -> 0.27 | W18: =W17 -> 0.31 | X18: =Y18-P18 -> 0.32 | Y18: =Y17 -> 0.8 | Z18: =E18 -> 1658.6 | AA18: =F18 -> 1657.99 | AB18: =AA18+Q18 -> 1658.41
B19: K1+400 | C19: 1400 | D19: 1657.975 | E19: =ROUND(D19,2) -> 1657.98 | F19: =ROUND(F18-(C19-C18)*H18,2) -> 1657.59 | G19: =E19-F19 -> 0.39 | H19: 0.004 | K19: =C19 -> 1400 | L19: =ROUND(M19*1.3,2) -> 0.51 | M19: =M18 -> 0.39 | N19: =ROUND(L19/W19,2) -> 1.65 | O19: =ROUND(M19/V19,2) -> 1.44 | P19: =P18 -> 0.48 | Q19: =Q18 -> 0.42 | R19: 0.015 | S19: =H19 -> 0.004 | T19: ="1/"&ROUND(1/S19,0) -> 1/250 | U19: =U18 -> U80 | V19: =V18 -> 0.27 | W19: =W18 -> 0.31 | X19: =Y19-P19 -> 0.32 | Y19: =Y18 -> 0.8 | Z19: =E19 -> 1657.98 | AA19: =F19 -> 1657.59 | AB19: =AA19+Q19 -> 1658.01
B20: K1+500 | C20: 1500 | D20: 1657.621 | E20: =ROUND(D20,2) -> 1657.62 | F20: =ROUND(F19-(C20-C19)*H19,2) -> 1657.19 | G20: =E20-F20 -> 0.43 | H20: 0.004 | K20: =C20 -> 1500 | L20: =ROUND(M20*1.3,2) -> 0.51 | M20: =M19 -> 0.39 | N20: =ROUND(L20/W20,2) -> 1.65 | O20: =ROUND(M20/V20,2) -> 1.44 | P20: =P19 -> 0.48 | Q20: =Q19 -> 0.42 | R20: 0.015 | S20: =H20 -> 0.004 | T20: ="1/"&ROUND(1/S20,0) -> 1/250 | U20: =U19 -> U80 | V20: =V19 -> 0.27 | W20: =W19 -> 0.31 | X20: =Y20-P20 -> 0.32 | Y20: =Y19 -> 0.8 | Z20: =E20 -> 1657.62 | AA20: =F20 -> 1657.19 | AB20: =AA20+Q20 -> 1657.61
B21: K1+600 | C21: 1600 | D21: 1657.322 | E21: =ROUND(D21,2) -> 1657.32 | F21: =ROUND(F20-(C21-C20)*H20,2) -> 1656.79 | G21: =E21-F21 -> 0.53 | H21: 0.004 | J21: 1-3-3斗渠 | K21: =C21 -> 1600 | L21: =ROUND(M21*1.3,2) -> 0.51 | M21: =M20 -> 0.39 | N21: =ROUND(L21/W21,2) -> 1.65 | O21: =ROUND(M21/V21,2) -> 1.44 | P21: =P20 -> 0.48 | Q21: =Q20 -> 0.42 | R21: 0.015 | S21: =H21 -> 0.004 | T21: ="1/"&ROUND(1/S21,0) -> 1/250 | U21: =U20 -> U80 | V21: =V20 -> 0.27 | W21: =W20 -> 0.31 | X21: =Y21-P21 -> 0.32 | Y21: =Y20 -> 0.8 | Z21: =E21 -> 1657.32 | AA21: =F21 -> 1656.79 | AB21: =AA21+Q21 -> 1657.21
B22: K1+700 | C22: 1700 | D22: 1657.062 | E22: =ROUND(D22,2) -> 1657.06 | F22: =ROUND(F21-(C22-C21)*H21,2) -> 1656.39 | G22: =E22-F22 -> 0.67 | H22: 0.004 | K22: =C22 -> 1700 | L22: =ROUND(M22*1.3,2) -> 0.51 | M22: =M21 -> 0.39 | N22: =ROUND(L22/W22,2) -> 1.65 | O22: =ROUND(M22/V22,2) -> 1.44 | P22: =P21 -> 0.48 | Q22: =Q21 -> 0.42 | R22: 0.015 | S22: =H22 -> 0.004 | T22: ="1/"&ROUND(1/S22,0) -> 1/250 | U22: =U21 -> U80 | V22: =V21 -> 0.27 | W22: =W21 -> 0.31 | X22: =Y22-P22 -> 0.32 | Y22: =Y21 -> 0.8 | Z22: =E22 -> 1657.06 | AA22: =F22 -> 1656.39 | AB22: =AA22+Q22 -> 1656.81
B23: K1+800 | C23: 1800 | D23: 1656.684 | E23: =ROUND(D23,2) -> 1656.68 | F23: =ROUND(F22-(C23-C22)*H22,2) -> 1655.99 | G23: =E23-F23 -> 0.69 | H23: 0.004 | K23: =C23 -> 1800 | L23: =ROUND(M23*1.3,2) -> 0.51 | M23: =M22 -> 0.39 | N23: =ROUND(L23/W23,2) -> 1.65 | O23: =ROUND(M23/V23,2) -> 1.44 | P23: =P22 -> 0.48 | Q23: =Q22 -> 0.42 | R23: 0.015 | S23: =H23 -> 0.004 | T23: ="1/"&ROUND(1/S23,0) -> 1/250 | U23: =U22 -> U80 | V23: =V22 -> 0.27 | W23: =W22 -> 0.31 | X23: =Y23-P23 -> 0.32 | Y23: =Y22 -> 0.8 | Z23: =E23 -> 1656.68 | AA23: =F23 -> 1655.99 | AB23: =AA23+Q23 -> 1656.41
B24: K1+900 | C24: 1900 | D24: 1656.38 | E24: =ROUND(D24,2) -> 1656.38 | F24: =ROUND(F23-(C24-C23)*H23,2) -> 1655.59 | G24: =E24-F24 -> 0.79 | H24: 0.004 | K24: =C24 -> 1900 | L24: =ROUND(M24*1.3,2) -> 0.51 | M24: =M23 -> 0.39 | N24: =ROUND(L24/W24,2) -> 1.65 | O24: =ROUND(M24/V24,2) -> 1.44 | P24: =P23 -> 0.48 | Q24: =Q23 -> 0.42 | R24: 0.015 | S24: =H24 -> 0.004 | T24: ="1/"&ROUND(1/S24,0) -> 1/250 | U24: =U23 -> U80 | V24: =V23 -> 0.27 | W24: =W23 -> 0.31 | X24: =Y24-P24 -> 0.32 | Y24: =Y23 -> 0.8 | Z24: =E24 -> 1656.38 | AA24: =F24 -> 1655.59 | AB24: =AA24+Q24 -> 1656.01
B25: K2+000 | C25: 2000 | D25: 1656.083 | E25: =ROUND(D25,2) -> 1656.08 | F25: =ROUND(F24-(C25-C24)*H24,2) -> 1655.19 | G25: =E25-F25 -> 0.89 | H25: 0.004 | K25: =C25 -> 2000 | L25: =ROUND(M25*1.3,2) -> 0.51 | M25: =M24 -> 0.39 | N25: =ROUND(L25/W25,2) -> 1.65 | O25: =ROUND(M25/V25,2) -> 1.44 | P25: =P24 -> 0.48 | Q25: =Q24 -> 0.42 | R25: 0.015 | S25: =H25 -> 0.004 | T25: ="1/"&ROUND(1/S25,0) -> 1/250 | U25: =U24 -> U80 | V25: =V24 -> 0.27 | W25: =W24 -> 0.31 | X25: =Y25-P25 -> 0.32 | Y25: =Y24 -> 0.8 | Z25: =E25 -> 1656.08 | AA25: =F25 -> 1655.19 | AB25: =AA25+Q25 -> 1655.61
B26: K2+100 | C26: 2100 | D26: 1655.692 | E26: =ROUND(D26,2) -> 1655.69 | F26: =ROUND(F25-(C26-C25)*H25,2) -> 1654.79 | G26: =E26-F26 -> 0.9 | H26: 0.004 | K26: =C26 -> 2100 | L26: =ROUND(M26*1.3,2) -> 0.51 | M26: =M25 -> 0.39 | N26: =ROUND(L26/W26,2) -> 1.65 | O26: =ROUND(M26/V26,2) -> 1.44 | P26: =P25 -> 0.48 | Q26: =Q25 -> 0.42 | R26: 0.015 | S26: =H26 -> 0.004 | T26: ="1/"&ROUND(1/S26,0) -> 1/250 | U26: =U25 -> U80 | V26: =V25 -> 0.27 | W26: =W25 -> 0.31 | X26: =Y26-P26 -> 0.32 | Y26: =Y25 -> 0.8 | Z26: =E26 -> 1655.69 | AA26: =F26 -> 1654.79 | AB26: =AA26+Q26 -> 1655.21
B27: K2+200 | C27: 2200 | D27: 1655.161 | E27: =ROUND(D27,2) -> 1655.16 | F27: =ROUND(F26-(C27-C26)*H26,2) -> 1654.39 | G27: =E27-F27 -> 0.77 | H27: 0.004 | K27: =C27 -> 2200 | L27: =ROUND(M27*1.3,2) -> 0.51 | M27: =M26 -> 0.39 | N27: =ROUND(L27/W27,2) -> 1.65 | O27: =ROUND(M27/V27,2) -> 1.44 | P27: =P26 -> 0.48 | Q27: =Q26 -> 0.42 | R27: 0.015 | S27: =H27 -> 0.004 | T27: ="1/"&ROUND(1/S27,0) -> 1/250 | U27: =U26 -> U80 | V27: =V26 -> 0.27 | W27: =W26 -> 0.31 | X27: =Y27-P27 -> 0.32 | Y27: =Y26 -> 0.8 | Z27: =E27 -> 1655.16 | AA27: =F27 -> 1654.39 | AB27: =AA27+Q27 -> 1654.81
